stock_permalink,stock_id,quarter_id,quarter_description,net_buys,average_ranking,market_cap_13f,held_by,total_shares,name,put_call_ratio,sell_buy_ratio,closing_price,avg_short_volume,total_volume,high,low,open
sbe,212235,73,2019-01-02,1,1267,70000,1,2008,"CHARGEPOINT HOLDINGS INC",,,,,,,,
sbe,212235,73,2019-01-03,1,1267,70000,1,2008,"CHARGEPOINT HOLDINGS INC",,,,,,,,
sbe,212235,73,2019-01-04,1,1267,70000,1,2008,"CHARGEPOINT HOLDINGS INC",,,,,,,,
sbe,212235,73,2019-01-07,1,1267,70000,1,2008,"CHARGEPOINT HOLDINGS INC",,,,,,,,
sbe,212235,73,2019-01-08,1,1267,70000,1,2008,"CHARGEPOINT HOLDINGS INC",,,,,,,,
sbe,212235,73,2019-01-09,1,1267,70000,1,2008,"CHARGEPOINT HOLDINGS INC",,,,,,,,
sbe,212235,73,2019-01-10,1,1267,70000,1,2008,"CHARGEPOINT HOLDINGS INC",,,,,,,,
sbe,212235,73,2019-01-11,1,1267,70000,1,2008,"CHARGEPOINT HOLDINGS INC",,,,,,,,
sbe,212235,73,2019-01-14,1,1267,70000,1,2008,"CHARGEPOINT HOLDINGS INC",,,,,,,,
sbe,212235,73,2019-01-15,1,1267,70000,1,2008,"CHARGEPOINT HOLDINGS INC",,,,,,,,
sbe,212235,73,2019-01-16,1,1267,70000,1,2008,"CHARGEPOINT HOLDINGS INC",,,,,,,,
sbe,212235,73,2019-01-17,1,1267,70000,1,2008,"CHARGEPOINT HOLDINGS INC",,,,,,,,
sbe,212235,73,2019-01-18,1,1267,70000,1,2008,"CHARGEPOINT HOLDINGS INC",,,,,,,,
sbe,212235,73,2019-01-22,1,1267,70000,1,2008,"CHARGEPOINT HOLDINGS INC",,,,,,,,
sbe,212235,73,2019-01-23,1,1267,70000,1,2008,"CHARGEPOINT HOLDINGS INC",,,,,,,,
sbe,212235,73,2019-01-24,1,1267,70000,1,2008,"CHARGEPOINT HOLDINGS INC",,,,,,,,
sbe,212235,73,2019-01-25,1,1267,70000,1,2008,"CHARGEPOINT HOLDINGS INC",,,,,,,,
sbe,212235,73,2019-01-28,1,1267,70000,1,2008,"CHARGEPOINT HOLDINGS INC",,,,,,,,
sbe,212235,73,2019-01-29,1,1267,70000,1,2008,"CHARGEPOINT HOLDINGS INC",,,,,,,,
sbe,212235,73,2019-01-30,1,1267,70000,1,2008,"CHARGEPOINT HOLDINGS INC",,,,,,,,
sbe,212235,73,2019-01-31,1,1267,70000,1,2008,"CHARGEPOINT HOLDINGS INC",,,,,,,,
sbe,212235,73,2019-02-01,1,1267,70000,1,2008,"CHARGEPOINT HOLDINGS INC",,,,,,,,
sbe,212235,73,2019-02-04,1,1267,70000,1,2008,"CHARGEPOINT HOLDINGS INC",,,,,,,,
sbe,212235,73,2019-02-05,1,1267,70000,1,2008,"CHARGEPOINT HOLDINGS INC",,,,,,,,
sbe,212235,73,2019-02-06,1,1267,70000,1,2008,"CHARGEPOINT HOLDINGS INC",,,,,,,,
sbe,212235,73,2019-02-07,1,1267,70000,1,2008,"CHARGEPOINT HOLDINGS INC",,,,,,,,
sbe,212235,73,2019-02-08,1,1267,70000,1,2008,"CHARGEPOINT HOLDINGS INC",,,,,,,,
sbe,212235,73,2019-02-11,1,1267,70000,1,2008,"CHARGEPOINT HOLDINGS INC",,,,,,,,
sbe,212235,73,2019-02-12,1,1267,70000,1,2008,"CHARGEPOINT HOLDINGS INC",,,,,,,,
sbe,212235,73,2019-02-13,1,1267,70000,1,2008,"CHARGEPOINT HOLDINGS INC",,,,,,,,
sbe,212235,73,2019-02-14,1,1267,70000,1,2008,"CHARGEPOINT HOLDINGS INC",,,,,,,,
sbe,212235,73,2019-02-15,1,1267,70000,1,2008,"CHARGEPOINT HOLDINGS INC",,,,,,,,
sbe,212235,73,2019-02-19,1,1267,70000,1,2008,"CHARGEPOINT HOLDINGS INC",,,,,,,,
sbe,212235,73,2019-02-20,1,1267,70000,1,2008,"CHARGEPOINT HOLDINGS INC",,,,,,,,
sbe,212235,73,2019-02-21,1,1267,70000,1,2008,"CHARGEPOINT HOLDINGS INC",,,,,,,,
sbe,212235,73,2019-02-22,1,1267,70000,1,2008,"CHARGEPOINT HOLDINGS INC",,,,,,,,
sbe,212235,73,2019-02-25,1,1267,70000,1,2008,"CHARGEPOINT HOLDINGS INC",,,,,,,,
sbe,212235,73,2019-02-26,1,1267,70000,1,2008,"CHARGEPOINT HOLDINGS INC",,,,,,,,
sbe,212235,73,2019-02-27,1,1267,70000,1,2008,"CHARGEPOINT HOLDINGS INC",,,,,,,,
sbe,212235,73,2019-02-28,1,1267,70000,1,2008,"CHARGEPOINT HOLDINGS INC",,,,,,,,
sbe,212235,73,2019-03-01,1,1267,70000,1,2008,"CHARGEPOINT HOLDINGS INC",,,,,,,,
sbe,212235,73,2019-03-04,1,1267,70000,1,2008,"CHARGEPOINT HOLDINGS INC",,,,,,,,
sbe,212235,73,2019-03-05,1,1267,70000,1,2008,"CHARGEPOINT HOLDINGS INC",,,,,,,,
sbe,212235,73,2019-03-06,1,1267,70000,1,2008,"CHARGEPOINT HOLDINGS INC",,,,,,,,
sbe,212235,73,2019-03-07,1,1267,70000,1,2008,"CHARGEPOINT HOLDINGS INC",,,,,,,,
sbe,212235,73,2019-03-08,1,1267,70000,1,2008,"CHARGEPOINT HOLDINGS INC",,,,,,,,
sbe,212235,73,2019-03-11,1,1267,70000,1,2008,"CHARGEPOINT HOLDINGS INC",,,,,,,,
sbe,212235,73,2019-03-12,1,1267,70000,1,2008,"CHARGEPOINT HOLDINGS INC",,,,,,,,
sbe,212235,73,2019-03-13,1,1267,70000,1,2008,"CHARGEPOINT HOLDINGS INC",,,,,,,,
sbe,212235,73,2019-03-14,1,1267,70000,1,2008,"CHARGEPOINT HOLDINGS INC",,,,,,,,
sbe,212235,73,2019-03-15,1,1267,70000,1,2008,"CHARGEPOINT HOLDINGS INC",,,,,,,,
sbe,212235,73,2019-03-18,1,1267,70000,1,2008,"CHARGEPOINT HOLDINGS INC",,,,,,,,
sbe,212235,73,2019-03-19,1,1267,70000,1,2008,"CHARGEPOINT HOLDINGS INC",,,,,,,,
sbe,212235,73,2019-03-20,1,1267,70000,1,2008,"CHARGEPOINT HOLDINGS INC",,,,,,,,
sbe,212235,73,2019-03-21,1,1267,70000,1,2008,"CHARGEPOINT HOLDINGS INC",,,,,,,,
sbe,212235,73,2019-03-22,1,1267,70000,1,2008,"CHARGEPOINT HOLDINGS INC",,,,,,,,
sbe,212235,73,2019-03-25,1,1267,70000,1,2008,"CHARGEPOINT HOLDINGS INC",,,,,,,,
sbe,212235,73,2019-03-26,1,1267,70000,1,2008,"CHARGEPOINT HOLDINGS INC",,,,,,,,
sbe,212235,73,2019-03-27,1,1267,70000,1,2008,"CHARGEPOINT HOLDINGS INC",,,,,,,,
sbe,212235,73,2019-03-28,1,1267,70000,1,2008,"CHARGEPOINT HOLDINGS INC",,,,,,,,
sbe,212235,73,2019-03-29,1,1267,70000,1,2008,"CHARGEPOINT HOLDINGS INC",,,,,,,,
sbe,212235,74,2019-04-01,0,1262,70000,1,2008,"CHARGEPOINT HOLDINGS INC",,,,,,,,
sbe,212235,74,2019-04-02,0,1262,70000,1,2008,"CHARGEPOINT HOLDINGS INC",,,,,,,,
sbe,212235,74,2019-04-03,0,1262,70000,1,2008,"CHARGEPOINT HOLDINGS INC",,,,,,,,
sbe,212235,74,2019-04-04,0,1262,70000,1,2008,"CHARGEPOINT HOLDINGS INC",,,,,,,,
sbe,212235,74,2019-04-05,0,1262,70000,1,2008,"CHARGEPOINT HOLDINGS INC",,,,,,,,
sbe,212235,74,2019-04-08,0,1262,70000,1,2008,"CHARGEPOINT HOLDINGS INC",,,,,,,,
sbe,212235,74,2019-04-09,0,1262,70000,1,2008,"CHARGEPOINT HOLDINGS INC",,,,,,,,
sbe,212235,74,2019-04-10,0,1262,70000,1,2008,"CHARGEPOINT HOLDINGS INC",,,,,,,,
sbe,212235,74,2019-04-11,0,1262,70000,1,2008,"CHARGEPOINT HOLDINGS INC",,,,,,,,
sbe,212235,74,2019-04-12,0,1262,70000,1,2008,"CHARGEPOINT HOLDINGS INC",,,,,,,,
sbe,212235,74,2019-04-15,0,1262,70000,1,2008,"CHARGEPOINT HOLDINGS INC",,,,,,,,
sbe,212235,74,2019-04-16,0,1262,70000,1,2008,"CHARGEPOINT HOLDINGS INC",,,,,,,,
sbe,212235,74,2019-04-17,0,1262,70000,1,2008,"CHARGEPOINT HOLDINGS INC",,,,,,,,
sbe,212235,74,2019-04-18,0,1262,70000,1,2008,"CHARGEPOINT HOLDINGS INC",,,,,,,,
sbe,212235,74,2019-04-22,0,1262,70000,1,2008,"CHARGEPOINT HOLDINGS INC",,,,,,,,
sbe,212235,74,2019-04-23,0,1262,70000,1,2008,"CHARGEPOINT HOLDINGS INC",,,,,,,,
sbe,212235,74,2019-04-24,0,1262,70000,1,2008,"CHARGEPOINT HOLDINGS INC",,,,,,,,
sbe,212235,74,2019-04-25,0,1262,70000,1,2008,"CHARGEPOINT HOLDINGS INC",,,,,,,,
sbe,212235,74,2019-04-26,0,1262,70000,1,2008,"CHARGEPOINT HOLDINGS INC",,,,,,,,
sbe,212235,74,2019-04-29,0,1262,70000,1,2008,"CHARGEPOINT HOLDINGS INC",,,,,,,,
sbe,212235,74,2019-04-30,0,1262,70000,1,2008,"CHARGEPOINT HOLDINGS INC",,,,,,,,
sbe,212235,74,2019-05-01,0,1262,70000,1,2008,"CHARGEPOINT HOLDINGS INC",,,,,,,,
sbe,212235,74,2019-05-02,0,1262,70000,1,2008,"CHARGEPOINT HOLDINGS INC",,,,,,,,
sbe,212235,74,2019-05-03,0,1262,70000,1,2008,"CHARGEPOINT HOLDINGS INC",,,,,,,,
sbe,212235,74,2019-05-06,0,1262,70000,1,2008,"CHARGEPOINT HOLDINGS INC",,,,,,,,
sbe,212235,74,2019-05-07,0,1262,70000,1,2008,"CHARGEPOINT HOLDINGS INC",,,,,,,,
sbe,212235,74,2019-05-08,0,1262,70000,1,2008,"CHARGEPOINT HOLDINGS INC",,,,,,,,
sbe,212235,74,2019-05-09,0,1262,70000,1,2008,"CHARGEPOINT HOLDINGS INC",,,,,,,,
sbe,212235,74,2019-05-10,0,1262,70000,1,2008,"CHARGEPOINT HOLDINGS INC",,,,,,,,
sbe,212235,74,2019-05-13,0,1262,70000,1,2008,"CHARGEPOINT HOLDINGS INC",,,,,,,,
sbe,212235,74,2019-05-14,0,1262,70000,1,2008,"CHARGEPOINT HOLDINGS INC",,,,,,,,
sbe,212235,74,2019-05-15,0,1262,70000,1,2008,"CHARGEPOINT HOLDINGS INC",,,,,,,,
sbe,212235,74,2019-05-16,0,1262,70000,1,2008,"CHARGEPOINT HOLDINGS INC",,,,,,,,
sbe,212235,74,2019-05-17,0,1262,70000,1,2008,"CHARGEPOINT HOLDINGS INC",,,,,,,,
sbe,212235,74,2019-05-20,0,1262,70000,1,2008,"CHARGEPOINT HOLDINGS INC",,,,,,,,
sbe,212235,74,2019-05-21,0,1262,70000,1,2008,"CHARGEPOINT HOLDINGS INC",,,,,,,,
sbe,212235,74,2019-05-22,0,1262,70000,1,2008,"CHARGEPOINT HOLDINGS INC",,,,,,,,
sbe,212235,74,2019-05-23,0,1262,70000,1,2008,"CHARGEPOINT HOLDINGS INC",,,,,,,,
sbe,212235,74,2019-05-24,0,1262,70000,1,2008,"CHARGEPOINT HOLDINGS INC",,,,,,,,
sbe,212235,74,2019-05-28,0,1262,70000,1,2008,"CHARGEPOINT HOLDINGS INC",,,,,,,,
sbe,212235,74,2019-05-29,0,1262,70000,1,2008,"CHARGEPOINT HOLDINGS INC",,,,,,,,
sbe,212235,74,2019-05-30,0,1262,70000,1,2008,"CHARGEPOINT HOLDINGS INC",,,,,,,,
sbe,212235,74,2019-05-31,0,1262,70000,1,2008,"CHARGEPOINT HOLDINGS INC",,,,,,,,
sbe,212235,74,2019-06-03,0,1262,70000,1,2008,"CHARGEPOINT HOLDINGS INC",,,,,,,,
sbe,212235,74,2019-06-04,0,1262,70000,1,2008,"CHARGEPOINT HOLDINGS INC",,,,,,,,
sbe,212235,74,2019-06-05,0,1262,70000,1,2008,"CHARGEPOINT HOLDINGS INC",,,,,,,,
sbe,212235,74,2019-06-06,0,1262,70000,1,2008,"CHARGEPOINT HOLDINGS INC",,,,,,,,
sbe,212235,74,2019-06-07,0,1262,70000,1,2008,"CHARGEPOINT HOLDINGS INC",,,,,,,,
sbe,212235,74,2019-06-10,0,1262,70000,1,2008,"CHARGEPOINT HOLDINGS INC",,,,,,,,
sbe,212235,74,2019-06-11,0,1262,70000,1,2008,"CHARGEPOINT HOLDINGS INC",,,,,,,,
sbe,212235,74,2019-06-12,0,1262,70000,1,2008,"CHARGEPOINT HOLDINGS INC",,,,,,,,
sbe,212235,74,2019-06-13,0,1262,70000,1,2008,"CHARGEPOINT HOLDINGS INC",,,,,,,,
sbe,212235,74,2019-06-14,0,1262,70000,1,2008,"CHARGEPOINT HOLDINGS INC",,,,,,,,
sbe,212235,74,2019-06-17,0,1262,70000,1,2008,"CHARGEPOINT HOLDINGS INC",,,,,,,,
sbe,212235,74,2019-06-18,0,1262,70000,1,2008,"CHARGEPOINT HOLDINGS INC",,,,,,,,
sbe,212235,74,2019-06-19,0,1262,70000,1,2008,"CHARGEPOINT HOLDINGS INC",,,,,,,,
sbe,212235,74,2019-06-20,0,1262,70000,1,2008,"CHARGEPOINT HOLDINGS INC",,,,,,,,
sbe,212235,74,2019-06-21,0,1262,70000,1,2008,"CHARGEPOINT HOLDINGS INC",,,,,,,,
sbe,212235,74,2019-06-24,0,1262,70000,1,2008,"CHARGEPOINT HOLDINGS INC",,,,,,,,
sbe,212235,74,2019-06-25,0,1262,70000,1,2008,"CHARGEPOINT HOLDINGS INC",,,,,,,,
sbe,212235,74,2019-06-26,0,1262,70000,1,2008,"CHARGEPOINT HOLDINGS INC",,,,,,,,
sbe,212235,74,2019-06-27,0,1262,70000,1,2008,"CHARGEPOINT HOLDINGS INC",,,,,,,,
sbe,212235,74,2019-06-28,0,1262,70000,1,2008,"CHARGEPOINT HOLDINGS INC",,,,,,,,
sbe,212235,75,2019-07-01,9,218,65864000,11,6777814,"CHARGEPOINT HOLDINGS INC",,,,,,,,
sbe,212235,75,2019-07-02,9,218,65864000,11,6777814,"CHARGEPOINT HOLDINGS INC",,,,,,,,
sbe,212235,75,2019-07-03,9,218,65864000,11,6777814,"CHARGEPOINT HOLDINGS INC",,,,,,,,
sbe,212235,75,2019-07-05,9,218,65864000,11,6777814,"CHARGEPOINT HOLDINGS INC",,,,,,,,
sbe,212235,75,2019-07-08,9,218,65864000,11,6777814,"CHARGEPOINT HOLDINGS INC",,,,,,,,
sbe,212235,75,2019-07-09,9,218,65864000,11,6777814,"CHARGEPOINT HOLDINGS INC",,,,,,,,
sbe,212235,75,2019-07-10,9,218,65864000,11,6777814,"CHARGEPOINT HOLDINGS INC",,,,,,,,
sbe,212235,75,2019-07-11,9,218,65864000,11,6777814,"CHARGEPOINT HOLDINGS INC",,,,,,,,
sbe,212235,75,2019-07-12,9,218,65864000,11,6777814,"CHARGEPOINT HOLDINGS INC",,,,,,,,
sbe,212235,75,2019-07-15,9,218,65864000,11,6777814,"CHARGEPOINT HOLDINGS INC",,,,,,,,
sbe,212235,75,2019-07-16,9,218,65864000,11,6777814,"CHARGEPOINT HOLDINGS INC",,,,,,,,
sbe,212235,75,2019-07-17,9,218,65864000,11,6777814,"CHARGEPOINT HOLDINGS INC",,,,,,,,
sbe,212235,75,2019-07-18,9,218,65864000,11,6777814,"CHARGEPOINT HOLDINGS INC",,,,,,,,
sbe,212235,75,2019-07-19,9,218,65864000,11,6777814,"CHARGEPOINT HOLDINGS INC",,,,,,,,
sbe,212235,75,2019-07-22,9,218,65864000,11,6777814,"CHARGEPOINT HOLDINGS INC",,,,,,,,
sbe,212235,75,2019-07-23,9,218,65864000,11,6777814,"CHARGEPOINT HOLDINGS INC",,,,,,,,
sbe,212235,75,2019-07-24,9,218,65864000,11,6777814,"CHARGEPOINT HOLDINGS INC",,,,,,,,
sbe,212235,75,2019-07-25,9,218,65864000,11,6777814,"CHARGEPOINT HOLDINGS INC",,,,,,,,
sbe,212235,75,2019-07-26,9,218,65864000,11,6777814,"CHARGEPOINT HOLDINGS INC",,,,,,,,
sbe,212235,75,2019-07-29,9,218,65864000,11,6777814,"CHARGEPOINT HOLDINGS INC",,,,,,,,
sbe,212235,75,2019-07-30,9,218,65864000,11,6777814,"CHARGEPOINT HOLDINGS INC",,,,,,,,
sbe,212235,75,2019-07-31,9,218,65864000,11,6777814,"CHARGEPOINT HOLDINGS INC",,,,,,,,
sbe,212235,75,2019-08-01,9,218,65864000,11,6777814,"CHARGEPOINT HOLDINGS INC",,,,,,,,
sbe,212235,75,2019-08-02,9,218,65864000,11,6777814,"CHARGEPOINT HOLDINGS INC",,,,,,,,
sbe,212235,75,2019-08-05,9,218,65864000,11,6777814,"CHARGEPOINT HOLDINGS INC",,,,,,,,
sbe,212235,75,2019-08-06,9,218,65864000,11,6777814,"CHARGEPOINT HOLDINGS INC",,,,,,,,
sbe,212235,75,2019-08-07,9,218,65864000,11,6777814,"CHARGEPOINT HOLDINGS INC",,,,,,,,
sbe,212235,75,2019-08-08,9,218,65864000,11,6777814,"CHARGEPOINT HOLDINGS INC",,,,,,,,
sbe,212235,75,2019-08-09,9,218,65864000,11,6777814,"CHARGEPOINT HOLDINGS INC",,,,,,,,
sbe,212235,75,2019-08-12,9,218,65864000,11,6777814,"CHARGEPOINT HOLDINGS INC",,,,,,,,
sbe,212235,75,2019-08-13,9,218,65864000,11,6777814,"CHARGEPOINT HOLDINGS INC",,,,,,,,
sbe,212235,75,2019-08-14,9,218,65864000,11,6777814,"CHARGEPOINT HOLDINGS INC",,,,,,,,
sbe,212235,75,2019-08-15,9,218,65864000,11,6777814,"CHARGEPOINT HOLDINGS INC",,,,,,,,
sbe,212235,75,2019-08-16,9,218,65864000,11,6777814,"CHARGEPOINT HOLDINGS INC",,,,,,,,
sbe,212235,75,2019-08-19,9,218,65864000,11,6777814,"CHARGEPOINT HOLDINGS INC",,,,,,,,
sbe,212235,75,2019-08-20,9,218,65864000,11,6777814,"CHARGEPOINT HOLDINGS INC",,,,,,,,
sbe,212235,75,2019-08-21,9,218,65864000,11,6777814,"CHARGEPOINT HOLDINGS INC",,,,,,,,
sbe,212235,75,2019-08-22,9,218,65864000,11,6777814,"CHARGEPOINT HOLDINGS INC",,,,,,,,
sbe,212235,75,2019-08-23,9,218,65864000,11,6777814,"CHARGEPOINT HOLDINGS INC",,,,,,,,
sbe,212235,75,2019-08-26,9,218,65864000,11,6777814,"CHARGEPOINT HOLDINGS INC",,,,,,,,
sbe,212235,75,2019-08-27,9,218,65864000,11,6777814,"CHARGEPOINT HOLDINGS INC",,,,,,,,
sbe,212235,75,2019-08-28,9,218,65864000,11,6777814,"CHARGEPOINT HOLDINGS INC",,,,,,,,
sbe,212235,75,2019-08-29,9,218,65864000,11,6777814,"CHARGEPOINT HOLDINGS INC",,,,,,,,
sbe,212235,75,2019-08-30,9,218,65864000,11,6777814,"CHARGEPOINT HOLDINGS INC",,,,,,,,
sbe,212235,75,2019-09-03,9,218,65864000,11,6777814,"CHARGEPOINT HOLDINGS INC",,,,,,,,
sbe,212235,75,2019-09-04,9,218,65864000,11,6777814,"CHARGEPOINT HOLDINGS INC",,,,,,,,
sbe,212235,75,2019-09-05,9,218,65864000,11,6777814,"CHARGEPOINT HOLDINGS INC",,,,,,,,
sbe,212235,75,2019-09-06,9,218,65864000,11,6777814,"CHARGEPOINT HOLDINGS INC",,,,,,,,
sbe,212235,75,2019-09-09,9,218,65864000,11,6777814,"CHARGEPOINT HOLDINGS INC",,,,,,,,
sbe,212235,75,2019-09-10,9,218,65864000,11,6777814,"CHARGEPOINT HOLDINGS INC",,,,,,,,
sbe,212235,75,2019-09-11,9,218,65864000,11,6777814,"CHARGEPOINT HOLDINGS INC",,,,,,,,
sbe,212235,75,2019-09-12,9,218,65864000,11,6777814,"CHARGEPOINT HOLDINGS INC",,,,,,,,
sbe,212235,75,2019-09-13,9,218,65864000,11,6777814,"CHARGEPOINT HOLDINGS INC",,,,,,,,
sbe,212235,75,2019-09-16,9,218,65864000,11,6777814,"CHARGEPOINT HOLDINGS INC",,,9.76,0,600,9,9.65,9.65
sbe,212235,75,2019-09-17,9,218,65864000,11,6777814,"CHARGEPOINT HOLDINGS INC",,,,,,,,
sbe,212235,75,2019-09-18,9,218,65864000,11,6777814,"CHARGEPOINT HOLDINGS INC",,,9.72,0,200,9,9.69,9.69
sbe,212235,75,2019-09-19,9,218,65864000,11,6777814,"CHARGEPOINT HOLDINGS INC",,,,,,,,
sbe,212235,75,2019-09-20,9,218,65864000,11,6777814,"CHARGEPOINT HOLDINGS INC",,,9.85,0,911,9,9.84,9.84
sbe,212235,75,2019-09-23,9,218,65864000,11,6777814,"CHARGEPOINT HOLDINGS INC",,,,,,,,
sbe,212235,75,2019-09-24,9,218,65864000,11,6777814,"CHARGEPOINT HOLDINGS INC",,,,,,,,
sbe,212235,75,2019-09-25,9,218,65864000,11,6777814,"CHARGEPOINT HOLDINGS INC",,,,,,,,
sbe,212235,75,2019-09-26,9,218,65864000,11,6777814,"CHARGEPOINT HOLDINGS INC",,,9.85,0,811,9,9.85,9.85
sbe,212235,75,2019-09-27,9,218,65864000,11,6777814,"CHARGEPOINT HOLDINGS INC",,,9.66,0,25000,9,9.66,9.7
sbe,212235,75,2019-09-30,9,218,65864000,11,6777814,"CHARGEPOINT HOLDINGS INC",,,9.71,0,800,9,9.685,9.685
sbe,212235,76,2019-10-01,18,659,148805000,29,15169596,"CHARGEPOINT HOLDINGS INC",,,,,,,,
sbe,212235,76,2019-10-02,18,659,148805000,29,15169596,"CHARGEPOINT HOLDINGS INC",,,,,,,,
sbe,212235,76,2019-10-03,18,659,148805000,29,15169596,"CHARGEPOINT HOLDINGS INC",,,,,,,,
sbe,212235,76,2019-10-04,18,659,148805000,29,15169596,"CHARGEPOINT HOLDINGS INC",,,,,,,,
sbe,212235,76,2019-10-07,18,659,148805000,29,15169596,"CHARGEPOINT HOLDINGS INC",,,9.68,0,186900,9,9.68,9.68
sbe,212235,76,2019-10-08,18,659,148805000,29,15169596,"CHARGEPOINT HOLDINGS INC",,,,,,,,
sbe,212235,76,2019-10-09,18,659,148805000,29,15169596,"CHARGEPOINT HOLDINGS INC",,,,,,,,
sbe,212235,76,2019-10-10,18,659,148805000,29,15169596,"CHARGEPOINT HOLDINGS INC",,,9.65,0,450492,9,9.63,9.66
sbe,212235,76,2019-10-11,18,659,148805000,29,15169596,"CHARGEPOINT HOLDINGS INC",,,9.7,80000,130000,9,9.7,9.7
sbe,212235,76,2019-10-14,18,659,148805000,29,15169596,"CHARGEPOINT HOLDINGS INC",,,,,,,,
sbe,212235,76,2019-10-15,18,659,148805000,29,15169596,"CHARGEPOINT HOLDINGS INC",,,9.735,2600,4200,9,9.735,9.735
sbe,212235,76,2019-10-16,18,659,148805000,29,15169596,"CHARGEPOINT HOLDINGS INC",,,9.75,0,100,9,9.75,9.75
sbe,212235,76,2019-10-17,18,659,148805000,29,15169596,"CHARGEPOINT HOLDINGS INC",,,9.71,5,5,9,9.7,9.7
sbe,212235,76,2019-10-18,18,659,148805000,29,15169596,"CHARGEPOINT HOLDINGS INC",,,,,,,,
sbe,212235,76,2019-10-21,18,659,148805000,29,15169596,"CHARGEPOINT HOLDINGS INC",,,9.75,9,2,9,9.72,9.75
sbe,212235,76,2019-10-22,18,659,148805000,29,15169596,"CHARGEPOINT HOLDINGS INC",,,,,,,,
sbe,212235,76,2019-10-23,18,659,148805000,29,15169596,"CHARGEPOINT HOLDINGS INC",,,9.75,0,602,9,9.74,9.74
sbe,212235,76,2019-10-24,18,659,148805000,29,15169596,"CHARGEPOINT HOLDINGS INC",,,9.75,0,9,9,9.74,9.74
sbe,212235,76,2019-10-25,18,659,148805000,29,15169596,"CHARGEPOINT HOLDINGS INC",,,,,,,,
sbe,212235,76,2019-10-28,18,659,148805000,29,15169596,"CHARGEPOINT HOLDINGS INC",,,,,,,,
sbe,212235,76,2019-10-29,18,659,148805000,29,15169596,"CHARGEPOINT HOLDINGS INC",,,,,,,,
sbe,212235,76,2019-10-30,18,659,148805000,29,15169596,"CHARGEPOINT HOLDINGS INC",,,,,,,,
sbe,212235,76,2019-10-31,18,659,148805000,29,15169596,"CHARGEPOINT HOLDINGS INC",,,9.73,0,1102781,9,9.72,9.72
sbe,212235,76,2019-11-01,18,659,148805000,29,15169596,"CHARGEPOINT HOLDINGS INC",,,,,,,,
sbe,212235,76,2019-11-04,18,659,148805000,29,15169596,"CHARGEPOINT HOLDINGS INC",,,9.73,0,20000,9,9.73,9.73
sbe,212235,76,2019-11-05,18,659,148805000,29,15169596,"CHARGEPOINT HOLDINGS INC",,,9.74,784,285984,9,9.72,9.73
sbe,212235,76,2019-11-06,18,659,148805000,29,15169596,"CHARGEPOINT HOLDINGS INC",,,9.72,0,43811,9,9.72,9.72
sbe,212235,76,2019-11-07,18,659,148805000,29,15169596,"CHARGEPOINT HOLDINGS INC",,,9.72,0,286900,9,9.72,9.72
sbe,212235,76,2019-11-08,18,659,148805000,29,15169596,"CHARGEPOINT HOLDINGS INC",,,,,,,,
sbe,212235,76,2019-11-11,18,659,148805000,29,15169596,"CHARGEPOINT HOLDINGS INC",,,,,,,,
sbe,212235,76,2019-11-12,18,659,148805000,29,15169596,"CHARGEPOINT HOLDINGS INC",,,9.74,0,250000,9,9.74,9.74
sbe,212235,76,2019-11-13,18,659,148805000,29,15169596,"CHARGEPOINT HOLDINGS INC",,,,,,,,
sbe,212235,76,2019-11-14,18,659,148805000,29,15169596,"CHARGEPOINT HOLDINGS INC",,,9.77,0,1100838,9,9.7,9.7
sbe,212235,76,2019-11-15,18,659,148805000,29,15169596,"CHARGEPOINT HOLDINGS INC",,,9.77,0,369,9,9.77,9.77
sbe,212235,76,2019-11-18,18,659,148805000,29,15169596,"CHARGEPOINT HOLDINGS INC",,,9.79,0,23977,9,9.77,9.77
sbe,212235,76,2019-11-19,18,659,148805000,29,15169596,"CHARGEPOINT HOLDINGS INC",,,,,,,,
sbe,212235,76,2019-11-20,18,659,148805000,29,15169596,"CHARGEPOINT HOLDINGS INC",,,9.79,0,307,9,9.7,9.7
sbe,212235,76,2019-11-21,18,659,148805000,29,15169596,"CHARGEPOINT HOLDINGS INC",,,,,,,,
sbe,212235,76,2019-11-22,18,659,148805000,29,15169596,"CHARGEPOINT HOLDINGS INC",,,,,,,,
sbe,212235,76,2019-11-25,18,659,148805000,29,15169596,"CHARGEPOINT HOLDINGS INC",,,,,,,,
sbe,212235,76,2019-11-26,18,659,148805000,29,15169596,"CHARGEPOINT HOLDINGS INC",,,,,,,,
sbe,212235,76,2019-11-27,18,659,148805000,29,15169596,"CHARGEPOINT HOLDINGS INC",,,,,,,,
sbe,212235,76,2019-11-29,18,659,148805000,29,15169596,"CHARGEPOINT HOLDINGS INC",,,9.76,0,45,9,9.76,9.76
sbe,212235,76,2019-12-02,18,659,148805000,29,15169596,"CHARGEPOINT HOLDINGS INC",,,,,,,,
sbe,212235,76,2019-12-03,18,659,148805000,29,15169596,"CHARGEPOINT HOLDINGS INC",,,,,,,,
sbe,212235,76,2019-12-04,18,659,148805000,29,15169596,"CHARGEPOINT HOLDINGS INC",,,,,,,,
sbe,212235,76,2019-12-05,18,659,148805000,29,15169596,"CHARGEPOINT HOLDINGS INC",,,9.8,0,2,9,9.79,9.79
sbe,212235,76,2019-12-06,18,659,148805000,29,15169596,"CHARGEPOINT HOLDINGS INC",,,,,,,,
sbe,212235,76,2019-12-09,18,659,148805000,29,15169596,"CHARGEPOINT HOLDINGS INC",,,,,,,,
sbe,212235,76,2019-12-10,18,659,148805000,29,15169596,"CHARGEPOINT HOLDINGS INC",,,,,,,,
sbe,212235,76,2019-12-11,18,659,148805000,29,15169596,"CHARGEPOINT HOLDINGS INC",,,,,,,,
sbe,212235,76,2019-12-12,18,659,148805000,29,15169596,"CHARGEPOINT HOLDINGS INC",,,,,,,,
sbe,212235,76,2019-12-13,18,659,148805000,29,15169596,"CHARGEPOINT HOLDINGS INC",,,9.82,0,45100,9,9.79,9.79
sbe,212235,76,2019-12-16,18,659,148805000,29,15169596,"CHARGEPOINT HOLDINGS INC",,,9.82,0,119,9,9.82,9.82
sbe,212235,76,2019-12-17,18,659,148805000,29,15169596,"CHARGEPOINT HOLDINGS INC",,,9.8,0,4,9,9.8,9.8
sbe,212235,76,2019-12-18,18,659,148805000,29,15169596,"CHARGEPOINT HOLDINGS INC",,,,,,,,
sbe,212235,76,2019-12-19,18,659,148805000,29,15169596,"CHARGEPOINT HOLDINGS INC",,,,,,,,
sbe,212235,76,2019-12-20,18,659,148805000,29,15169596,"CHARGEPOINT HOLDINGS INC",,,,,,,,
sbe,212235,76,2019-12-23,18,659,148805000,29,15169596,"CHARGEPOINT HOLDINGS INC",,,,,,,,
sbe,212235,76,2019-12-24,18,659,148805000,29,15169596,"CHARGEPOINT HOLDINGS INC",,,,,,,,
sbe,212235,76,2019-12-26,18,659,148805000,29,15169596,"CHARGEPOINT HOLDINGS INC",,,,,,,,
sbe,212235,76,2019-12-27,18,659,148805000,29,15169596,"CHARGEPOINT HOLDINGS INC",,,,,,,,
sbe,212235,76,2019-12-30,18,659,148805000,29,15169596,"CHARGEPOINT HOLDINGS INC",,,,,,,,
sbe,212235,76,2019-12-31,18,659,148805000,29,15169596,"CHARGEPOINT HOLDINGS INC",,,,,,,,
sbe,212235,77,2020-01-02,14,731,197991000,41,20511925,"CHARGEPOINT HOLDINGS INC",0,,,,,,,
sbe,212235,77,2020-01-03,14,731,197991000,41,20511925,"CHARGEPOINT HOLDINGS INC",0,,,,,,,
sbe,212235,77,2020-01-06,14,731,197991000,41,20511925,"CHARGEPOINT HOLDINGS INC",0,,9.82,0,2000,9,9.82,9.82
sbe,212235,77,2020-01-07,14,731,197991000,41,20511925,"CHARGEPOINT HOLDINGS INC",0,,,,,,,
sbe,212235,77,2020-01-08,14,731,197991000,41,20511925,"CHARGEPOINT HOLDINGS INC",0,,9.95,0,22816,9,9.83,9.9
sbe,212235,77,2020-01-09,14,731,197991000,41,20511925,"CHARGEPOINT HOLDINGS INC",0,,9.94,0,400400,9,9.92,9.92
sbe,212235,77,2020-01-10,14,731,197991000,41,20511925,"CHARGEPOINT HOLDINGS INC",0,,,,,,,
sbe,212235,77,2020-01-13,14,731,197991000,41,20511925,"CHARGEPOINT HOLDINGS INC",0,,9.93,0,22600,9,9.93,9.93
sbe,212235,77,2020-01-14,14,731,197991000,41,20511925,"CHARGEPOINT HOLDINGS INC",0,,,,,,,
sbe,212235,77,2020-01-15,14,731,197991000,41,20511925,"CHARGEPOINT HOLDINGS INC",0,,,,,,,
sbe,212235,77,2020-01-16,14,731,197991000,41,20511925,"CHARGEPOINT HOLDINGS INC",0,,,,,,,
sbe,212235,77,2020-01-17,14,731,197991000,41,20511925,"CHARGEPOINT HOLDINGS INC",0,,9.88,0,123423,9,9.87,9.93
sbe,212235,77,2020-01-21,14,731,197991000,41,20511925,"CHARGEPOINT HOLDINGS INC",0,,9.92,0,400000,9,9.915,9.915
sbe,212235,77,2020-01-22,14,731,197991000,41,20511925,"CHARGEPOINT HOLDINGS INC",0,,9.92,1,13633,9,9.92,9.92
sbe,212235,77,2020-01-23,14,731,197991000,41,20511925,"CHARGEPOINT HOLDINGS INC",0,,9.92,200050,200250,9,9.92,9.99
sbe,212235,77,2020-01-24,14,731,197991000,41,20511925,"CHARGEPOINT HOLDINGS INC",0,,,,,,,
sbe,212235,77,2020-01-27,14,731,197991000,41,20511925,"CHARGEPOINT HOLDINGS INC",0,,9.92,0,299998,9,9.92,9.92
sbe,212235,77,2020-01-28,14,731,197991000,41,20511925,"CHARGEPOINT HOLDINGS INC",0,,9.92,100000,100000,9,9.92,9.92
sbe,212235,77,2020-01-29,14,731,197991000,41,20511925,"CHARGEPOINT HOLDINGS INC",0,,,,,,,
sbe,212235,77,2020-01-30,14,731,197991000,41,20511925,"CHARGEPOINT HOLDINGS INC",0,,9.92,0,2297,10,9.92,10.02
sbe,212235,77,2020-01-31,14,731,197991000,41,20511925,"CHARGEPOINT HOLDINGS INC",0,,10,280,1431,10,9.99,10.12
sbe,212235,77,2020-02-03,14,731,197991000,41,20511925,"CHARGEPOINT HOLDINGS INC",0,,9.92,0,748,9,9.92,9.92
sbe,212235,77,2020-02-04,14,731,197991000,41,20511925,"CHARGEPOINT HOLDINGS INC",0,,9.95,0,606,9,9.9,9.9
sbe,212235,77,2020-02-05,14,731,197991000,41,20511925,"CHARGEPOINT HOLDINGS INC",0,,,,,,,
sbe,212235,77,2020-02-06,14,731,197991000,41,20511925,"CHARGEPOINT HOLDINGS INC",0,,9.935,2,3,9,9.85,9.85
sbe,212235,77,2020-02-07,14,731,197991000,41,20511925,"CHARGEPOINT HOLDINGS INC",0,,,,,,,
sbe,212235,77,2020-02-10,14,731,197991000,41,20511925,"CHARGEPOINT HOLDINGS INC",0,,10.08,1,10,10,10.08,10.08
sbe,212235,77,2020-02-11,14,731,197991000,41,20511925,"CHARGEPOINT HOLDINGS INC",0,,,,,,,
sbe,212235,77,2020-02-12,14,731,197991000,41,20511925,"CHARGEPOINT HOLDINGS INC",0,,10.08,0,896,10,10.08,10.08
sbe,212235,77,2020-02-13,14,731,197991000,41,20511925,"CHARGEPOINT HOLDINGS INC",0,,10.08,0,2796,10,10.08,10.08
sbe,212235,77,2020-02-14,14,731,197991000,41,20511925,"CHARGEPOINT HOLDINGS INC",0,,10.08,100,120,10,10.08,10.08
sbe,212235,77,2020-02-18,14,731,197991000,41,20511925,"CHARGEPOINT HOLDINGS INC",0,,,,,,,
sbe,212235,77,2020-02-19,14,731,197991000,41,20511925,"CHARGEPOINT HOLDINGS INC",0,,10.08,2,32,10,10.08,10.08
sbe,212235,77,2020-02-20,14,731,197991000,41,20511925,"CHARGEPOINT HOLDINGS INC",0,,,,,,,
sbe,212235,77,2020-02-21,14,731,197991000,41,20511925,"CHARGEPOINT HOLDINGS INC",0,,10.09,0,710,10,10.05,10.05
sbe,212235,77,2020-02-24,14,731,197991000,41,20511925,"CHARGEPOINT HOLDINGS INC",0,,9.98,17,9,9,9.98,9.985
sbe,212235,77,2020-02-25,14,731,197991000,41,20511925,"CHARGEPOINT HOLDINGS INC",0,,,,,,,
sbe,212235,77,2020-02-26,14,731,197991000,41,20511925,"CHARGEPOINT HOLDINGS INC",0,,9.97,1,2107,9,9.96,9.96
sbe,212235,77,2020-02-27,14,731,197991000,41,20511925,"CHARGEPOINT HOLDINGS INC",0,,9.96,3,116079,9,9.96,9.96
sbe,212235,77,2020-02-28,14,731,197991000,41,20511925,"CHARGEPOINT HOLDINGS INC",0,,9.97,559,49655,9,9.92,9.92
sbe,212235,77,2020-03-02,14,731,197991000,41,20511925,"CHARGEPOINT HOLDINGS INC",0,,9.98,0,1203,9,9.98,9.98
sbe,212235,77,2020-03-03,14,731,197991000,41,20511925,"CHARGEPOINT HOLDINGS INC",0,,9.98,1,20,9,9.98,9.98
sbe,212235,77,2020-03-04,14,731,197991000,41,20511925,"CHARGEPOINT HOLDINGS INC",0,,,,,,,
sbe,212235,77,2020-03-05,14,731,197991000,41,20511925,"CHARGEPOINT HOLDINGS INC",0,,9.97,0,26,9,9.97,9.97
sbe,212235,77,2020-03-06,14,731,197991000,41,20511925,"CHARGEPOINT HOLDINGS INC",0,,,,,,,
sbe,212235,77,2020-03-09,14,731,197991000,41,20511925,"CHARGEPOINT HOLDINGS INC",0,,9.77,1,208,9,9.77,9.77
sbe,212235,77,2020-03-10,14,731,197991000,41,20511925,"CHARGEPOINT HOLDINGS INC",0,,9.83,3,700371,9,9.79,9.79
sbe,212235,77,2020-03-11,14,731,197991000,41,20511925,"CHARGEPOINT HOLDINGS INC",0,,9.89,1402,1402,9,9.89,9.941
sbe,212235,77,2020-03-12,14,731,197991000,41,20511925,"CHARGEPOINT HOLDINGS INC",0,,9.9,6,158,9,9.9,9.9
sbe,212235,77,2020-03-13,14,731,197991000,41,20511925,"CHARGEPOINT HOLDINGS INC",0,,9.75,0,293601,9,9.7,9.75
sbe,212235,77,2020-03-16,14,731,197991000,41,20511925,"CHARGEPOINT HOLDINGS INC",0,,9.6,0,600109,9,9.6,9.6
sbe,212235,77,2020-03-17,14,731,197991000,41,20511925,"CHARGEPOINT HOLDINGS INC",0,,9.6,3,3664,9,9.6,9.63
sbe,212235,77,2020-03-18,14,731,197991000,41,20511925,"CHARGEPOINT HOLDINGS INC",0,,9.716,280,50010,9,9.716,9.716
sbe,212235,77,2020-03-19,14,731,197991000,41,20511925,"CHARGEPOINT HOLDINGS INC",0,,,,,,,
sbe,212235,77,2020-03-20,14,731,197991000,41,20511925,"CHARGEPOINT HOLDINGS INC",0,,,,,,,
sbe,212235,77,2020-03-23,14,731,197991000,41,20511925,"CHARGEPOINT HOLDINGS INC",0,,9.38,100,4,9,9.38,9.4
sbe,212235,77,2020-03-24,14,731,197991000,41,20511925,"CHARGEPOINT HOLDINGS INC",0,,,,,,,
sbe,212235,77,2020-03-25,14,731,197991000,41,20511925,"CHARGEPOINT HOLDINGS INC",0,,,,,,,
sbe,212235,77,2020-03-26,14,731,197991000,41,20511925,"CHARGEPOINT HOLDINGS INC",0,,9.565,10,119,9,9.43,9.43
sbe,212235,77,2020-03-27,14,731,197991000,41,20511925,"CHARGEPOINT HOLDINGS INC",0,,,,,,,
sbe,212235,77,2020-03-30,14,731,197991000,41,20511925,"CHARGEPOINT HOLDINGS INC",0,,9.803,0,100,9,9.803,9.803
sbe,212235,77,2020-03-31,14,731,197991000,41,20511925,"CHARGEPOINT HOLDINGS INC",0,,9.65,0,621937,9,9.65,9.65
sbe,212235,78,2020-03-31,1,815,209137000,44,20814061,"CHARGEPOINT HOLDINGS INC",0,,9.65,0,621937,9,9.65,9.65
sbe,212235,78,2020-04-01,1,815,209137000,44,20814061,"CHARGEPOINT HOLDINGS INC",0,,,,,,,
sbe,212235,78,2020-04-02,1,815,209137000,44,20814061,"CHARGEPOINT HOLDINGS INC",0,,9.65,0,78534,9,9.65,9.65
sbe,212235,78,2020-04-03,1,815,209137000,44,20814061,"CHARGEPOINT HOLDINGS INC",0,,9.74,0,401,9,9.69,9.69
sbe,212235,78,2020-04-06,1,815,209137000,44,20814061,"CHARGEPOINT HOLDINGS INC",0,,9.76,41,105,9,9.61,9.61
sbe,212235,78,2020-04-07,1,815,209137000,44,20814061,"CHARGEPOINT HOLDINGS INC",0,,,,,,,
sbe,212235,78,2020-04-08,1,815,209137000,44,20814061,"CHARGEPOINT HOLDINGS INC",0,,9.73,0,254248,9,9.72,9.72
sbe,212235,78,2020-04-09,1,815,209137000,44,20814061,"CHARGEPOINT HOLDINGS INC",0,,9.69,0,32528,9,9.69,9.69
sbe,212235,78,2020-04-13,1,815,209137000,44,20814061,"CHARGEPOINT HOLDINGS INC",0,,9.735,78,368,9,9.735,9.75
sbe,212235,78,2020-04-14,1,815,209137000,44,20814061,"CHARGEPOINT HOLDINGS INC",0,,,,,,,
sbe,212235,78,2020-04-15,1,815,209137000,44,20814061,"CHARGEPOINT HOLDINGS INC",0,,9.7,0,7,9,9.7,9.81
sbe,212235,78,2020-04-16,1,815,209137000,44,20814061,"CHARGEPOINT HOLDINGS INC",0,,,,,,,
sbe,212235,78,2020-04-17,1,815,209137000,44,20814061,"CHARGEPOINT HOLDINGS INC",0,,,,,,,
sbe,212235,78,2020-04-20,1,815,209137000,44,20814061,"CHARGEPOINT HOLDINGS INC",0,,9.81,0,404,9,9.81,9.82
sbe,212235,78,2020-04-21,1,815,209137000,44,20814061,"CHARGEPOINT HOLDINGS INC",0,,9.75,0,111,9,9.75,9.75
sbe,212235,78,2020-04-22,1,815,209137000,44,20814061,"CHARGEPOINT HOLDINGS INC",0,,9.777,693,152124,9,9.777,9.79
sbe,212235,78,2020-04-23,1,815,209137000,44,20814061,"CHARGEPOINT HOLDINGS INC",0,,9.7,80,14238,9,9.7,9.85
sbe,212235,78,2020-04-24,1,815,209137000,44,20814061,"CHARGEPOINT HOLDINGS INC",0,,9.785,0,407756,9,9.75,9.76
sbe,212235,78,2020-04-27,1,815,209137000,44,20814061,"CHARGEPOINT HOLDINGS INC",0,,9.77,0,200540,9,9.75,9.76
sbe,212235,78,2020-04-28,1,815,209137000,44,20814061,"CHARGEPOINT HOLDINGS INC",0,,9.78,500,375045,9,9.78,9.78
sbe,212235,78,2020-04-29,1,815,209137000,44,20814061,"CHARGEPOINT HOLDINGS INC",0,,,,,,,
sbe,212235,78,2020-04-30,1,815,209137000,44,20814061,"CHARGEPOINT HOLDINGS INC",0,,,,,,,
sbe,212235,78,2020-05-01,1,815,209137000,44,20814061,"CHARGEPOINT HOLDINGS INC",0,,9.8,9,611040,9,9.76,9.76
sbe,212235,78,2020-05-04,1,815,209137000,44,20814061,"CHARGEPOINT HOLDINGS INC",0,,9.84,0,120,9,9.84,9.84
sbe,212235,78,2020-05-05,1,815,209137000,44,20814061,"CHARGEPOINT HOLDINGS INC",0,,9.8,0,150916,9,9.78,9.78
sbe,212235,78,2020-05-06,1,815,209137000,44,20814061,"CHARGEPOINT HOLDINGS INC",0,,9.8,200,2226,9,9.8,9.85
sbe,212235,78,2020-05-07,1,815,209137000,44,20814061,"CHARGEPOINT HOLDINGS INC",0,,9.8,1,106,9,9.8,9.8
sbe,212235,78,2020-05-08,1,815,209137000,44,20814061,"CHARGEPOINT HOLDINGS INC",0,,9.85,0,1,9,9.73,9.73
sbe,212235,78,2020-05-11,1,815,209137000,44,20814061,"CHARGEPOINT HOLDINGS INC",0,,,,,,,
sbe,212235,78,2020-05-12,1,815,209137000,44,20814061,"CHARGEPOINT HOLDINGS INC",0,,,,,,,
sbe,212235,78,2020-05-13,1,815,209137000,44,20814061,"CHARGEPOINT HOLDINGS INC",0,,9.85,0,23,9,9.85,9.85
sbe,212235,78,2020-05-14,1,815,209137000,44,20814061,"CHARGEPOINT HOLDINGS INC",0,,,,,,,
sbe,212235,78,2020-05-15,1,815,209137000,44,20814061,"CHARGEPOINT HOLDINGS INC",0,,9.85,0,50105,9,9.8,9.8
sbe,212235,78,2020-05-18,1,815,209137000,44,20814061,"CHARGEPOINT HOLDINGS INC",0,,9.85,732,19664,9,9.825,9.87
sbe,212235,78,2020-05-19,1,815,209137000,44,20814061,"CHARGEPOINT HOLDINGS INC",0,,9.85,3779,47,9,9.843,9.843
sbe,212235,78,2020-05-20,1,815,209137000,44,20814061,"CHARGEPOINT HOLDINGS INC",0,,,,,,,
sbe,212235,78,2020-05-21,1,815,209137000,44,20814061,"CHARGEPOINT HOLDINGS INC",0,,9.85,0,300,9,9.75,9.75
sbe,212235,78,2020-05-22,1,815,209137000,44,20814061,"CHARGEPOINT HOLDINGS INC",0,,,,,,,
sbe,212235,78,2020-05-26,1,815,209137000,44,20814061,"CHARGEPOINT HOLDINGS INC",0,,9.811,101,182,9,9.811,9.811
sbe,212235,78,2020-05-27,1,815,209137000,44,20814061,"CHARGEPOINT HOLDINGS INC",0,,,,,,,
sbe,212235,78,2020-05-28,1,815,209137000,44,20814061,"CHARGEPOINT HOLDINGS INC",0,,9.85,5,1805,9,9.85,9.85
sbe,212235,78,2020-05-29,1,815,209137000,44,20814061,"CHARGEPOINT HOLDINGS INC",0,,9.85,0,100,9,9.85,9.85
sbe,212235,78,2020-06-01,1,815,209137000,44,20814061,"CHARGEPOINT HOLDINGS INC",0,,9.85,300,400,9,9.825,9.825
sbe,212235,78,2020-06-02,1,815,209137000,44,20814061,"CHARGEPOINT HOLDINGS INC",0,,9.84,250050,172,9,9.83,9.83
sbe,212235,78,2020-06-03,1,815,209137000,44,20814061,"CHARGEPOINT HOLDINGS INC",0,,,,,,,
sbe,212235,78,2020-06-04,1,815,209137000,44,20814061,"CHARGEPOINT HOLDINGS INC",0,,9.86,0,355254,9,9.75,9.75
sbe,212235,78,2020-06-05,1,815,209137000,44,20814061,"CHARGEPOINT HOLDINGS INC",0,,9.83,0,14,9,9.83,9.83
sbe,212235,78,2020-06-08,1,815,209137000,44,20814061,"CHARGEPOINT HOLDINGS INC",0,,,,,,,
sbe,212235,78,2020-06-09,1,815,209137000,44,20814061,"CHARGEPOINT HOLDINGS INC",0,,,,,,,
sbe,212235,78,2020-06-10,1,815,209137000,44,20814061,"CHARGEPOINT HOLDINGS INC",0,,9.86,92,1853,9,9.86,9.86
sbe,212235,78,2020-06-11,1,815,209137000,44,20814061,"CHARGEPOINT HOLDINGS INC",0,,9.82,0,227,9,9.82,9.86
sbe,212235,78,2020-06-12,1,815,209137000,44,20814061,"CHARGEPOINT HOLDINGS INC",0,,9.83,25,44,9,9.83,9.83
sbe,212235,78,2020-06-15,1,815,209137000,44,20814061,"CHARGEPOINT HOLDINGS INC",0,,,,,,,
sbe,212235,78,2020-06-16,1,815,209137000,44,20814061,"CHARGEPOINT HOLDINGS INC",0,,9.83,0,101081,9,9.83,9.92
sbe,212235,78,2020-06-17,1,815,209137000,44,20814061,"CHARGEPOINT HOLDINGS INC",0,,,,,,,
sbe,212235,78,2020-06-18,1,815,209137000,44,20814061,"CHARGEPOINT HOLDINGS INC",0,,,,,,,
sbe,212235,78,2020-06-19,1,815,209137000,44,20814061,"CHARGEPOINT HOLDINGS INC",0,,9.95,10,12049,9,9.88,9.9
sbe,212235,78,2020-06-22,1,815,209137000,44,20814061,"CHARGEPOINT HOLDINGS INC",0,,10,50,51057,10,9.96,9.96
sbe,212235,78,2020-06-23,1,815,209137000,44,20814061,"CHARGEPOINT HOLDINGS INC",0,,10.03,10,210,10,9.98,9.98
sbe,212235,78,2020-06-24,1,815,209137000,44,20814061,"CHARGEPOINT HOLDINGS INC",0,,10.02,103,104,10,10.02,10.02
sbe,212235,78,2020-06-25,1,815,209137000,44,20814061,"CHARGEPOINT HOLDINGS INC",0,,9.96,1,200001,9,9.96,9.96
sbe,212235,78,2020-06-26,1,815,209137000,44,20814061,"CHARGEPOINT HOLDINGS INC",0,,9.96,110,256225,9,9.85,9.85
sbe,212235,78,2020-06-29,1,815,209137000,44,20814061,"CHARGEPOINT HOLDINGS INC",0,,10.04,3100,140301,10,10.04,10.05
sbe,212235,78,2020-06-30,1,815,209137000,44,20814061,"CHARGEPOINT HOLDINGS INC",0,,10.047,200,325,10,9.99,9.99
sbe,212235,79,2020-07-01,5,1227,175584000,60,11308419,"CHARGEPOINT HOLDINGS INC",,,10.059,2148,2749,10,9.995,10.05
sbe,212235,79,2020-07-02,5,1227,175584000,60,11308419,"CHARGEPOINT HOLDINGS INC",,,9.945,200,119825,10,9.945,10
sbe,212235,79,2020-07-06,5,1227,175584000,60,11308419,"CHARGEPOINT HOLDINGS INC",,,9.985,1222,26,10,9.985,10.09
sbe,212235,79,2020-07-07,5,1227,175584000,60,11308419,"CHARGEPOINT HOLDINGS INC",,,,,,,,
sbe,212235,79,2020-07-08,5,1227,175584000,60,11308419,"CHARGEPOINT HOLDINGS INC",,,,,,,,
sbe,212235,79,2020-07-09,5,1227,175584000,60,11308419,"CHARGEPOINT HOLDINGS INC",,,10.1,4546,625684,10,9.94,9.94
sbe,212235,79,2020-07-10,5,1227,175584000,60,11308419,"CHARGEPOINT HOLDINGS INC",,,10.08,2200,19420,10,10.07,10.071
sbe,212235,79,2020-07-13,5,1227,175584000,60,11308419,"CHARGEPOINT HOLDINGS INC",,,10.06,2728,175696,10,10.05,10.05
sbe,212235,79,2020-07-14,5,1227,175584000,60,11308419,"CHARGEPOINT HOLDINGS INC",,,10.04,200,84539,10,10.04,10.07
sbe,212235,79,2020-07-15,5,1227,175584000,60,11308419,"CHARGEPOINT HOLDINGS INC",,,10.08,0,2924,10,10.08,10.1
sbe,212235,79,2020-07-16,5,1227,175584000,60,11308419,"CHARGEPOINT HOLDINGS INC",,,10.05,0,268,10,10.04,10.04
sbe,212235,79,2020-07-17,5,1227,175584000,60,11308419,"CHARGEPOINT HOLDINGS INC",,,10.1,0,74762,10,10,10
sbe,212235,79,2020-07-20,5,1227,175584000,60,11308419,"CHARGEPOINT HOLDINGS INC",,,10.19,14,1276,10,10.16,10.16
sbe,212235,79,2020-07-21,5,1227,175584000,60,11308419,"CHARGEPOINT HOLDINGS INC",,,10.14,500,112317,10,10.14,10.2
sbe,212235,79,2020-07-22,5,1227,175584000,60,11308419,"CHARGEPOINT HOLDINGS INC",,,10.08,23,729,10,10.07,10.2
sbe,212235,79,2020-07-23,5,1227,175584000,60,11308419,"CHARGEPOINT HOLDINGS INC",,,10.09,169,51234,10,10.03,10.03
sbe,212235,79,2020-07-24,5,1227,175584000,60,11308419,"CHARGEPOINT HOLDINGS INC",,,10.14,15,1744,10,10.03,10.03
sbe,212235,79,2020-07-27,5,1227,175584000,60,11308419,"CHARGEPOINT HOLDINGS INC",,,10.3,44805,79991,10,10.15,10.2
sbe,212235,79,2020-07-28,5,1227,175584000,60,11308419,"CHARGEPOINT HOLDINGS INC",,,10.28,301,6276,10,10.21,10.21
sbe,212235,79,2020-07-29,5,1227,175584000,60,11308419,"CHARGEPOINT HOLDINGS INC",,,10.2,5812,85526,10,10.2,10.24
sbe,212235,79,2020-07-30,5,1227,175584000,60,11308419,"CHARGEPOINT HOLDINGS INC",,,10.25,662,81522,10,10.21,10.23
sbe,212235,79,2020-07-31,5,1227,175584000,60,11308419,"CHARGEPOINT HOLDINGS INC",,,10.2,112702,757451,10,10.139,10.16
sbe,212235,79,2020-08-03,5,1227,175584000,60,11308419,"CHARGEPOINT HOLDINGS INC",,,10.33,5738,95951,10,10.172,10.2
sbe,212235,79,2020-08-04,5,1227,175584000,60,11308419,"CHARGEPOINT HOLDINGS INC",,,10.32,1002,213365,10,10.24,10.35
sbe,212235,79,2020-08-05,5,1227,175584000,60,11308419,"CHARGEPOINT HOLDINGS INC",,,10.34,1088,157446,10,10.32,10.32
sbe,212235,79,2020-08-06,5,1227,175584000,60,11308419,"CHARGEPOINT HOLDINGS INC",,,10.35,7701,724364,10,10.32,10.36
sbe,212235,79,2020-08-07,5,1227,175584000,60,11308419,"CHARGEPOINT HOLDINGS INC",,,10.28,349,377918,10,10.28,10.36
sbe,212235,79,2020-08-10,5,1227,175584000,60,11308419,"CHARGEPOINT HOLDINGS INC",,,10.21,692,42225,10,10.21,10.35
sbe,212235,79,2020-08-11,5,1227,175584000,60,11308419,"CHARGEPOINT HOLDINGS INC",,,10.24,148,332,10,10.24,10.24
sbe,212235,79,2020-08-12,5,1227,175584000,60,11308419,"CHARGEPOINT HOLDINGS INC",,,10.2,95,14530,10,10.19,10.2
sbe,212235,79,2020-08-13,5,1227,175584000,60,11308419,"CHARGEPOINT HOLDINGS INC",,,10.35,0,15070,10,10.21,10.25
sbe,212235,79,2020-08-14,5,1227,175584000,60,11308419,"CHARGEPOINT HOLDINGS INC",,,10.31,4098,86485,10,10.2,10.37
sbe,212235,79,2020-08-17,5,1227,175584000,60,11308419,"CHARGEPOINT HOLDINGS INC",,,10.35,1336,1834,10,10.31,10.36
sbe,212235,79,2020-08-18,5,1227,175584000,60,11308419,"CHARGEPOINT HOLDINGS INC",,,10.3,4910,5279,10,10.275,10.275
sbe,212235,79,2020-08-19,5,1227,175584000,60,11308419,"CHARGEPOINT HOLDINGS INC",,,10.19,842,9425,10,10.19,10.35
sbe,212235,79,2020-08-20,5,1227,175584000,60,11308419,"CHARGEPOINT HOLDINGS INC",,,10.25,801,35453,10,10.19,10.19
sbe,212235,79,2020-08-21,5,1227,175584000,60,11308419,"CHARGEPOINT HOLDINGS INC",,,10.2,1,130574,10,10.16,10.21
sbe,212235,79,2020-08-24,5,1227,175584000,60,11308419,"CHARGEPOINT HOLDINGS INC",,,10.2,514,1873880,10,10.15,10.21
sbe,212235,79,2020-08-25,5,1227,175584000,60,11308419,"CHARGEPOINT HOLDINGS INC",,,10.24,6096,45375,10,10.2,10.25
sbe,212235,79,2020-08-26,5,1227,175584000,60,11308419,"CHARGEPOINT HOLDINGS INC",,,10.25,554,11292,10,10.19,10.2
sbe,212235,79,2020-08-27,5,1227,175584000,60,11308419,"CHARGEPOINT HOLDINGS INC",,,10.245,1600,5360,10,10.18,10.24
sbe,212235,79,2020-08-28,5,1227,175584000,60,11308419,"CHARGEPOINT HOLDINGS INC",,,10.2,345,3053,10,10.17,10.21
sbe,212235,79,2020-08-31,5,1227,175584000,60,11308419,"CHARGEPOINT HOLDINGS INC",,,10.2,110,60282,10,10.05,10.16
sbe,212235,79,2020-09-01,5,1227,175584000,60,11308419,"CHARGEPOINT HOLDINGS INC",,,10.2,1,4545,10,10.1,10.1
sbe,212235,79,2020-09-02,5,1227,175584000,60,11308419,"CHARGEPOINT HOLDINGS INC",,,10.25,0,838619,10,10.1,10.25
sbe,212235,79,2020-09-03,5,1227,175584000,60,11308419,"CHARGEPOINT HOLDINGS INC",,,10.265,1145,112144,10,10.2,10.3
sbe,212235,79,2020-09-04,5,1227,175584000,60,11308419,"CHARGEPOINT HOLDINGS INC",,,10.35,19805,108652,10,10.19,10.19
sbe,212235,79,2020-09-08,5,1227,175584000,60,11308419,"CHARGEPOINT HOLDINGS INC",,,10.35,5354,21182,10,10.29,10.35
sbe,212235,79,2020-09-09,5,1227,175584000,60,11308419,"CHARGEPOINT HOLDINGS INC",,,10.4,4572,269636,10,10.35,10.4
sbe,212235,79,2020-09-10,5,1227,175584000,60,11308419,"CHARGEPOINT HOLDINGS INC",,,10.38,1497,192156,10,10.36,10.4
sbe,212235,79,2020-09-11,5,1227,175584000,60,11308419,"CHARGEPOINT HOLDINGS INC",,,10.35,2293,9396,10,10.27,10.4
sbe,212235,79,2020-09-14,5,1227,175584000,60,11308419,"CHARGEPOINT HOLDINGS INC",,,10.37,6402,21931,10,10.25,10.32
sbe,212235,79,2020-09-15,5,1227,175584000,60,11308419,"CHARGEPOINT HOLDINGS INC",,,10.45,373,109634,10,10.41,10.45
sbe,212235,79,2020-09-16,5,1227,175584000,60,11308419,"CHARGEPOINT HOLDINGS INC",,,13.3,1064265,9197303,13,10.27,10.42
sbe,212235,79,2020-09-17,5,1227,175584000,60,11308419,"CHARGEPOINT HOLDINGS INC",,,14.25,1282123,6504146,14,13.31,13.93
sbe,212235,79,2020-09-18,5,1227,175584000,60,11308419,"CHARGEPOINT HOLDINGS INC",,,14.25,575214,2882784,14,13.55,14
sbe,212235,79,2020-09-21,5,1227,175584000,60,11308419,"CHARGEPOINT HOLDINGS INC",,,13.79,784672,3515472,14,13.2,14.17
sbe,212235,79,2020-09-22,5,1227,175584000,60,11308419,"CHARGEPOINT HOLDINGS INC",,,13.19,374859,2010997,13,13.11,13.75
sbe,212235,79,2020-09-23,5,1227,175584000,60,11308419,"CHARGEPOINT HOLDINGS INC",,,12.18,632061,2960348,13,11.9,13.1
sbe,212235,79,2020-09-24,5,1227,175584000,60,11308419,"CHARGEPOINT HOLDINGS INC",,,12.46,2975190,16238485,13,11.11,12.33
sbe,212235,79,2020-09-25,5,1227,175584000,60,11308419,"CHARGEPOINT HOLDINGS INC",,,13.84,1577250,7134838,13,12.64,12.72
sbe,212235,79,2020-09-28,5,1227,175584000,60,11308419,"CHARGEPOINT HOLDINGS INC",,,15.53,2060567,9471869,16,15.2,15.21
sbe,212235,79,2020-09-29,5,1227,175584000,60,11308419,"CHARGEPOINT HOLDINGS INC",,,15.21,1008590,3634098,15,14.8,15.75
sbe,212235,79,2020-09-30,5,1227,175584000,60,11308419,"CHARGEPOINT HOLDINGS INC",,,15.6,1009692,3530025,16,15.05,15.54
sbe,212235,80,2020-10-01,27,1449,116975008,89,2941777,"CHARGEPOINT HOLDINGS INC",1.0538077036166,,15.38,548470,2662408,16,15.21,16
sbe,212235,80,2020-10-02,27,1449,116975008,89,2941777,"CHARGEPOINT HOLDINGS INC",1.0538077036166,,15.39,473255,2895670,15,14.36,14.45
sbe,212235,80,2020-10-05,27,1449,116975008,89,2941777,"CHARGEPOINT HOLDINGS INC",1.0538077036166,,14.96,653183,3349245,15,14.5,15.47
sbe,212235,80,2020-10-06,27,1449,116975008,89,2941777,"CHARGEPOINT HOLDINGS INC",1.0538077036166,,13.9,1178185,5113214,14,13.66,14.63
sbe,212235,80,2020-10-07,27,1449,116975008,89,2941777,"CHARGEPOINT HOLDINGS INC",1.0538077036166,,13.71,713590,2737723,14,13.25,14.17
sbe,212235,80,2020-10-08,27,1449,116975008,89,2941777,"CHARGEPOINT HOLDINGS INC",1.0538077036166,,14.72,1188648,4948365,15,13.751,13.98
sbe,212235,80,2020-10-09,27,1449,116975008,89,2941777,"CHARGEPOINT HOLDINGS INC",1.0538077036166,,14.66,484975,1824882,15,14.35,15.1
sbe,212235,80,2020-10-12,27,1449,116975008,89,2941777,"CHARGEPOINT HOLDINGS INC",1.0538077036166,,15.05,601824,2011755,15,14.85,15
sbe,212235,80,2020-10-13,27,1449,116975008,89,2941777,"CHARGEPOINT HOLDINGS INC",1.0538077036166,,14.42,436252,2094544,15,14.11,15
sbe,212235,80,2020-10-14,27,1449,116975008,89,2941777,"CHARGEPOINT HOLDINGS INC",1.0538077036166,,14.85,455331,1609392,14,13.945,14.54
sbe,212235,80,2020-10-15,27,1449,116975008,89,2941777,"CHARGEPOINT HOLDINGS INC",1.0538077036166,,15.14,402054,1378482,15,14.45,14.46
sbe,212235,80,2020-10-16,27,1449,116975008,89,2941777,"CHARGEPOINT HOLDINGS INC",1.0538077036166,,15.21,694063,2519696,16,15.08,15.39
sbe,212235,80,2020-10-19,27,1449,116975008,89,2941777,"CHARGEPOINT HOLDINGS INC",1.0538077036166,,16.09,892807,2667953,16,15.55,15.71
sbe,212235,80,2020-10-20,27,1449,116975008,89,2941777,"CHARGEPOINT HOLDINGS INC",1.0538077036166,,16.04,983240,3154405,17,16,16.5
sbe,212235,80,2020-10-21,27,1449,116975008,89,2941777,"CHARGEPOINT HOLDINGS INC",1.0538077036166,,16.2,473528,1921655,16,16,16.5
sbe,212235,80,2020-10-22,27,1449,116975008,89,2941777,"CHARGEPOINT HOLDINGS INC",1.0538077036166,,15.94,643852,2214863,16,15.4,16.15
sbe,212235,80,2020-10-23,27,1449,116975008,89,2941777,"CHARGEPOINT HOLDINGS INC",1.0538077036166,,15.61,410599,1536135,16,15.12,16.38
sbe,212235,80,2020-10-26,27,1449,116975008,89,2941777,"CHARGEPOINT HOLDINGS INC",1.0538077036166,,14.16,545484,2761770,15,14.1,15.6
sbe,212235,80,2020-10-27,27,1449,116975008,89,2941777,"CHARGEPOINT HOLDINGS INC",1.0538077036166,,13.95,375272,1500165,14,13.91,14.2
sbe,212235,80,2020-10-28,27,1449,116975008,89,2941777,"CHARGEPOINT HOLDINGS INC",1.0538077036166,,13.32,498069,2235124,13,12.75,13.5
sbe,212235,80,2020-10-29,27,1449,116975008,89,2941777,"CHARGEPOINT HOLDINGS INC",1.0538077036166,,13.6,446305,1568676,14,13.05,13.44
sbe,212235,80,2020-10-30,27,1449,116975008,89,2941777,"CHARGEPOINT HOLDINGS INC",1.0538077036166,,13.23,465658,1948847,13,12.8,13.6
sbe,212235,80,2020-11-02,27,1449,116975008,89,2941777,"CHARGEPOINT HOLDINGS INC",1.0538077036166,,13.71,429078,1893631,14,13.01,13.8
sbe,212235,80,2020-11-03,27,1449,116975008,89,2941777,"CHARGEPOINT HOLDINGS INC",1.0538077036166,,14.9,673270,2484822,15,13.875,14.18
sbe,212235,80,2020-11-04,27,1449,116975008,89,2941777,"CHARGEPOINT HOLDINGS INC",1.0538077036166,,14.2,688882,2738355,15,13.15,15.12
sbe,212235,80,2020-11-05,27,1449,116975008,89,2941777,"CHARGEPOINT HOLDINGS INC",1.0538077036166,,15.33,449938,1967232,15,14.77,14.79
sbe,212235,80,2020-11-06,27,1449,116975008,89,2941777,"CHARGEPOINT HOLDINGS INC",1.0538077036166,,16.11,784902,2706735,16,15.58,15.6
sbe,212235,80,2020-11-09,27,1449,116975008,89,2941777,"CHARGEPOINT HOLDINGS INC",1.0538077036166,,16.88,823355,3094031,18,16.6,17.85
sbe,212235,80,2020-11-10,27,1449,116975008,89,2941777,"CHARGEPOINT HOLDINGS INC",1.0538077036166,,16.96,642033,2224915,17,15.34,17.32
sbe,212235,80,2020-11-11,27,1449,116975008,89,2941777,"CHARGEPOINT HOLDINGS INC",1.0538077036166,,17,339357,1149687,17,16.28,17.03
sbe,212235,80,2020-11-12,27,1449,116975008,89,2941777,"CHARGEPOINT HOLDINGS INC",1.0538077036166,,16.37,503647,1599931,17,16.1,16.9
sbe,212235,80,2020-11-13,27,1449,116975008,89,2941777,"CHARGEPOINT HOLDINGS INC",1.0538077036166,,16.55,743265,2492737,17,15.87,16.9
sbe,212235,80,2020-11-16,27,1449,116975008,89,2941777,"CHARGEPOINT HOLDINGS INC",1.0538077036166,,18.2,781457,2583169,18,16.846,17.2
sbe,212235,80,2020-11-17,27,1449,116975008,89,2941777,"CHARGEPOINT HOLDINGS INC",1.0538077036166,,19.48,1542596,5651104,20,17.99,18.51
sbe,212235,80,2020-11-18,27,1449,116975008,89,2941777,"CHARGEPOINT HOLDINGS INC",1.0538077036166,,19.68,985582,5241473,20,19.5,20.64
sbe,212235,80,2020-11-19,27,1449,116975008,89,2941777,"CHARGEPOINT HOLDINGS INC",1.0538077036166,,24.7,3182030,12423970,25,19.87,20.15
sbe,212235,80,2020-11-20,27,1449,116975008,89,2941777,"CHARGEPOINT HOLDINGS INC",1.0538077036166,,26.16,3288915,13177645,28,25.51,25.96
sbe,212235,80,2020-11-23,27,1449,116975008,89,2941777,"CHARGEPOINT HOLDINGS INC",1.0538077036166,,34.08,5498952,21660043,35,29.53,29.83
sbe,212235,80,2020-11-24,27,1449,116975008,89,2941777,"CHARGEPOINT HOLDINGS INC",1.0538077036166,,36.88,7222221,28228603,42,33.6,39.62
sbe,212235,80,2020-11-25,27,1449,116975008,89,2941777,"CHARGEPOINT HOLDINGS INC",1.0538077036166,,34.94,2805215,11524452,36,33.1,34.69
sbe,212235,80,2020-11-27,27,1449,116975008,89,2941777,"CHARGEPOINT HOLDINGS INC",1.0538077036166,,37.13,1131460,4132741,37,36,36.77
sbe,212235,80,2020-11-30,27,1449,116975008,89,2941777,"CHARGEPOINT HOLDINGS INC",1.0538077036166,,33.61,2219009,7793311,39,32.56,39.1
sbe,212235,80,2020-12-01,27,1449,116975008,89,2941777,"CHARGEPOINT HOLDINGS INC",1.0538077036166,,29.35,2709098,10405575,35,29,35.36
sbe,212235,80,2020-12-02,27,1449,116975008,89,2941777,"CHARGEPOINT HOLDINGS INC",1.0538077036166,,29.5,3619650,13181742,31,24.56,26.14
sbe,212235,80,2020-12-03,27,1449,116975008,89,2941777,"CHARGEPOINT HOLDINGS INC",1.0538077036166,,32.56,1512116,5263456,32,30.09,31.39
sbe,212235,80,2020-12-04,27,1449,116975008,89,2941777,"CHARGEPOINT HOLDINGS INC",1.0538077036166,,32.9,1517313,5099672,34,30.41,32
sbe,212235,80,2020-12-07,27,1449,116975008,89,2941777,"CHARGEPOINT HOLDINGS INC",1.0538077036166,,36.37,2349382,7964259,37,34.15,35
sbe,212235,80,2020-12-08,27,1449,116975008,89,2941777,"CHARGEPOINT HOLDINGS INC",1.0538077036166,,38.56,1480038,5587882,38,35.44,38.35
sbe,212235,80,2020-12-09,27,1449,116975008,89,2941777,"CHARGEPOINT HOLDINGS INC",1.0538077036166,,43,3687401,12491672,44,36.15,40
sbe,212235,80,2020-12-10,27,1449,116975008,89,2941777,"CHARGEPOINT HOLDINGS INC",1.0538077036166,,41.9,1377149,5313445,42,38.17,39.22
sbe,212235,80,2020-12-11,27,1449,116975008,89,2941777,"CHARGEPOINT HOLDINGS INC",1.0538077036166,,37.91,2060413,7537374,40,36.78,39.32
sbe,212235,80,2020-12-14,27,1449,116975008,89,2941777,"CHARGEPOINT HOLDINGS INC",1.0538077036166,,35.71,1523863,5540199,39,35,39.59
sbe,212235,80,2020-12-15,27,1449,116975008,89,2941777,"CHARGEPOINT HOLDINGS INC",1.0538077036166,,34.94,1514584,5489207,34,32.65,34
sbe,212235,80,2020-12-16,27,1449,116975008,89,2941777,"CHARGEPOINT HOLDINGS INC",1.0538077036166,,34.95,1163382,3792344,36,34.2,35.23
sbe,212235,80,2020-12-17,27,1449,116975008,89,2941777,"CHARGEPOINT HOLDINGS INC",1.0538077036166,,35.5,858980,2946101,36,34.55,35.52
sbe,212235,80,2020-12-18,27,1449,116975008,89,2941777,"CHARGEPOINT HOLDINGS INC",1.0538077036166,,35.99,1115412,3835338,37,35.03,35.94
sbe,212235,80,2020-12-21,27,1449,116975008,89,2941777,"CHARGEPOINT HOLDINGS INC",1.0538077036166,,39,1828509,6894924,39,36.5,37.26
sbe,212235,80,2020-12-22,27,1449,116975008,89,2941777,"CHARGEPOINT HOLDINGS INC",1.0538077036166,,45.23,2863523,9825863,46,37.5,39.99
sbe,212235,80,2020-12-23,27,1449,116975008,89,2941777,"CHARGEPOINT HOLDINGS INC",1.0538077036166,,44.89,2158882,7528726,48,41.06,42.89
sbe,212235,80,2020-12-24,27,1449,116975008,89,2941777,"CHARGEPOINT HOLDINGS INC",1.0538077036166,,46.1,1712238,5838338,49,45.125,45.56
sbe,212235,80,2020-12-28,27,1449,116975008,89,2941777,"CHARGEPOINT HOLDINGS INC",1.0538077036166,,43.6,1690429,5987232,49,42.19,49.08
sbe,212235,80,2020-12-29,27,1449,116975008,89,2941777,"CHARGEPOINT HOLDINGS INC",1.0538077036166,,40.59,1264228,4260022,42,38.9,42
sbe,212235,80,2020-12-30,27,1449,116975008,89,2941777,"CHARGEPOINT HOLDINGS INC",1.0538077036166,,41.18,668792,2408976,43,40.8,42.33
sbe,212235,80,2020-12-31,27,1449,116975008,89,2941777,"CHARGEPOINT HOLDINGS INC",1.0538077036166,,40.08,627370,2163517,41,39.15,41.63
sbe,212235,81,2021-01-04,84,1180,2054313405,147,76889834,"CHARGEPOINT HOLDINGS INC",1.0180753333217,,36.78,1279105,4778271,38,35.5,38
sbe,212235,81,2021-01-05,84,1180,2054313405,147,76889834,"CHARGEPOINT HOLDINGS INC",1.0180753333217,,36.39,730060,2988877,37,34.05,34.96
sbe,212235,81,2021-01-06,84,1180,2054313405,147,76889834,"CHARGEPOINT HOLDINGS INC",1.0180753333217,,37.75,1338180,4664919,40,37.02,38.72
sbe,212235,81,2021-01-07,84,1180,2054313405,147,76889834,"CHARGEPOINT HOLDINGS INC",1.0180753333217,,39.9,852821,3045192,40,38.8,40.96
sbe,212235,81,2021-01-08,84,1180,2054313405,147,76889834,"CHARGEPOINT HOLDINGS INC",1.0180753333217,,42.38,1209493,4102802,43,40.036,41.2
sbe,212235,81,2021-01-11,84,1180,2054313405,147,76889834,"CHARGEPOINT HOLDINGS INC",1.0180753333217,,42.51,1258525,4142668,44,39.807,40.78
sbe,212235,81,2021-01-12,84,1180,2054313405,147,76889834,"CHARGEPOINT HOLDINGS INC",1.0180753333217,,44.5,883886,3039886,44,42.76,43.05
sbe,212235,81,2021-01-13,84,1180,2054313405,147,76889834,"CHARGEPOINT HOLDINGS INC",1.0180753333217,,44.4,781347,2526656,46,43.75,45.68
sbe,212235,81,2021-01-14,84,1180,2054313405,147,76889834,"CHARGEPOINT HOLDINGS INC",1.0180753333217,,44.2,804957,2690231,44,42.11,44.86
sbe,212235,81,2021-01-15,84,1180,2054313405,147,76889834,"CHARGEPOINT HOLDINGS INC",1.0180753333217,,41.43,731082,2797914,43,40.6,42.85
sbe,212235,81,2021-01-19,84,1180,2054313405,147,76889834,"CHARGEPOINT HOLDINGS INC",1.0180753333217,,41.32,998381,3563747,42,39.21,41.63
sbe,212235,81,2021-01-20,84,1180,2054313405,147,76889834,"CHARGEPOINT HOLDINGS INC",1.0180753333217,,39.37,870375,3263178,40,38.98,40.4
sbe,212235,81,2021-01-21,84,1180,2054313405,147,76889834,"CHARGEPOINT HOLDINGS INC",1.0180753333217,,40.3,585690,2002074,40,39.07,40.05
sbe,212235,81,2021-01-22,84,1180,2054313405,147,76889834,"CHARGEPOINT HOLDINGS INC",1.0180753333217,,39.62,619951,1982913,40,39,39.25
sbe,212235,81,2021-01-25,84,1180,2054313405,147,76889834,"CHARGEPOINT HOLDINGS INC",1.0180753333217,,38.68,1227031,4765290,39,36,39.45
sbe,212235,81,2021-01-26,84,1180,2054313405,147,76889834,"CHARGEPOINT HOLDINGS INC",1.0180753333217,,41.27,1973385,6557176,44,39.081,39.13
sbe,212235,81,2021-01-27,84,1180,2054313405,147,76889834,"CHARGEPOINT HOLDINGS INC",1.0180753333217,,40.65,714770,3078987,41,37.78,40.5
sbe,212235,81,2021-01-28,84,1180,2054313405,147,76889834,"CHARGEPOINT HOLDINGS INC",1.0180753333217,,39.53,479227,2062955,40,38.02,39.5
sbe,212235,81,2021-01-29,84,1180,2054313405,147,76889834,"CHARGEPOINT HOLDINGS INC",1.0180753333217,,38.06,517210,2129686,39,37.1,39.02
sbe,212235,81,2021-02-01,84,1180,2054313405,147,76889834,"CHARGEPOINT HOLDINGS INC",1.0180753333217,,38.56,469176,2154971,38,36.45,38.36
sbe,212235,81,2021-02-02,84,1180,2054313405,147,76889834,"CHARGEPOINT HOLDINGS INC",1.0180753333217,,38.16,383193,1640895,39,37.5,38.96
sbe,212235,81,2021-02-03,84,1180,2054313405,147,76889834,"CHARGEPOINT HOLDINGS INC",1.0180753333217,,40.47,621799,2595940,40,38.2,38.32
sbe,212235,81,2021-02-04,84,1180,2054313405,147,76889834,"CHARGEPOINT HOLDINGS INC",1.0180753333217,,41.01,491948,2065268,41,39.721,41.03
sbe,212235,81,2021-02-05,84,1180,2054313405,147,76889834,"CHARGEPOINT HOLDINGS INC",1.0180753333217,,40.56,477978,1949468,41,39.6,41.17
sbe,212235,81,2021-02-08,84,1180,2054313405,147,76889834,"CHARGEPOINT HOLDINGS INC",1.0180753333217,,40.83,1022013,3519707,43,40.5,40.95
sbe,212235,81,2021-02-09,84,1180,2054313405,147,76889834,"CHARGEPOINT HOLDINGS INC",1.0180753333217,,41.33,760219,3148366,42,38.62,40.68
sbe,212235,81,2021-02-10,84,1180,2054313405,147,76889834,"CHARGEPOINT HOLDINGS INC",1.0180753333217,,39.3,709385,2929757,41,38.89,41.99
sbe,212235,81,2021-02-11,84,1180,2054313405,147,76889834,"CHARGEPOINT HOLDINGS INC",1.0180753333217,,37.15,1317491,5176563,39,36.55,39.11
sbe,212235,81,2021-02-12,84,1180,2054313405,147,76889834,"CHARGEPOINT HOLDINGS INC",1.0180753333217,,37.98,424744,2723542,38,35.5,36.73
sbe,212235,81,2021-02-16,84,1180,2054313405,147,76889834,"CHARGEPOINT HOLDINGS INC",1.0180753333217,,37.25,370108,1573450,39,37,38.94
sbe,212235,81,2021-02-17,84,1180,2054313405,147,76889834,"CHARGEPOINT HOLDINGS INC",1.0180753333217,,37.33,321366,1471088,37,36.51,36.97
sbe,212235,81,2021-02-18,84,1180,2054313405,147,76889834,"CHARGEPOINT HOLDINGS INC",1.0180753333217,,36.31,230778,1637309,37,35.79,37
sbe,212235,81,2021-02-19,84,1180,2054313405,147,76889834,"CHARGEPOINT HOLDINGS INC",1.0180753333217,,36.34,232086,1335422,37,36.01,37
sbe,212235,81,2021-02-22,84,1180,2054313405,147,76889834,"CHARGEPOINT HOLDINGS INC",1.0180753333217,,36.29,368634,1645756,37,36.115,36.4
sbe,212235,81,2021-02-23,84,1180,2054313405,147,76889834,"CHARGEPOINT HOLDINGS INC",1.0180753333217,,33.18,799336,3913787,34,26.732,34.9
sbe,212235,81,2021-02-24,84,1180,2054313405,147,76889834,"CHARGEPOINT HOLDINGS INC",1.0180753333217,,34.49,422124,1597071,35,33,33.01
sbe,212235,81,2021-02-25,84,1180,2054313405,147,76889834,"CHARGEPOINT HOLDINGS INC",1.0180753333217,,32.92,988009,3381985,38,32.25,34.34
sbe,212235,81,2021-02-26,84,1180,2054313405,147,76889834,"CHARGEPOINT HOLDINGS INC",1.0180753333217,,30.83,1743719,6293185,33,28,33
sbe,212235,81,2021-03-01,84,1180,2054313405,147,76889834,"CHARGEPOINT HOLDINGS INC",1.0180753333217,,,,,,,
sbe,212235,81,2021-03-02,84,1180,2054313405,147,76889834,"CHARGEPOINT HOLDINGS INC",1.0180753333217,,28.5,0,3053622,31,28,31.26
sbe,212235,81,2021-03-03,84,1180,2054313405,147,76889834,"CHARGEPOINT HOLDINGS INC",1.0180753333217,,28.33,0,3389169,30,28.01,29.82
sbe,212235,81,2021-03-04,84,1180,2054313405,147,76889834,"CHARGEPOINT HOLDINGS INC",1.0180753333217,,24.21,2199194,7762126,28,22.01,28
sbe,212235,81,2021-03-05,84,1180,2054313405,147,76889834,"CHARGEPOINT HOLDINGS INC",1.0180753333217,,26.13,1802135,6898950,26,19.5,24.89
sbe,212235,81,2021-03-08,84,1180,2054313405,147,76889834,"CHARGEPOINT HOLDINGS INC",1.0180753333217,,25.68,1144868,4698727,29,25.12,28
sbe,212235,81,2021-03-09,84,1180,2054313405,147,76889834,"CHARGEPOINT HOLDINGS INC",1.0180753333217,,28.48,2489145,7328979,30,26.81,27.84
sbe,212235,81,2021-03-10,84,1180,2054313405,147,76889834,"CHARGEPOINT HOLDINGS INC",1.0180753333217,,28.63,1607995,4523262,30,27.75,30.08
sbe,212235,81,2021-03-11,84,1180,2054313405,147,76889834,"CHARGEPOINT HOLDINGS INC",1.0180753333217,,,,,,,
sbe,212235,81,2021-03-12,84,1180,2054313405,147,76889834,"CHARGEPOINT HOLDINGS INC",1.0180753333217,,27.84,1828357,10300168,28,25.84,26.41
sbe,212235,81,2021-03-15,84,1180,2054313405,147,76889834,"CHARGEPOINT HOLDINGS INC",1.0180753333217,,25.91,2308974,9325146,27,25.2,27.55
sbe,212235,81,2021-03-16,84,1180,2054313405,147,76889834,"CHARGEPOINT HOLDINGS INC",1.0180753333217,,24.7,1575183,7972945,26,23.86,25.94
sbe,212235,81,2021-03-17,84,1180,2054313405,147,76889834,"CHARGEPOINT HOLDINGS INC",1.0180753333217,,24.01,962364,5383876,24,23.028,23.72
sbe,212235,81,2021-03-18,84,1180,2054313405,147,76889834,"CHARGEPOINT HOLDINGS INC",1.0180753333217,,24,660353,3914342,25,23.6,24.49
sbe,212235,81,2021-03-19,84,1180,2054313405,147,76889834,"CHARGEPOINT HOLDINGS INC",1.0180753333217,,23.51,1438314,4748141,24,23.43,24.5
sbe,212235,81,2021-03-22,84,1180,2054313405,147,76889834,"CHARGEPOINT HOLDINGS INC",1.0180753333217,,24.72,942612,4076481,25,23.53,23.94
sbe,212235,81,2021-03-23,84,1180,2054313405,147,76889834,"CHARGEPOINT HOLDINGS INC",1.0180753333217,,22.93,1194613,4480386,24,22.61,24.7
sbe,212235,81,2021-03-24,84,1180,2054313405,147,76889834,"CHARGEPOINT HOLDINGS INC",1.0180753333217,,20.69,1762099,7423322,23,20.55,23.46
sbe,212235,81,2021-03-25,84,1180,2054313405,147,76889834,"CHARGEPOINT HOLDINGS INC",1.0180753333217,,20.21,1318325,6354330,22,19.59,20
sbe,212235,81,2021-03-26,84,1180,2054313405,147,76889834,"CHARGEPOINT HOLDINGS INC",1.0180753333217,,20.48,882363,4339893,21,20.02,20.46
sbe,212235,81,2021-03-29,84,1180,2054313405,147,76889834,"CHARGEPOINT HOLDINGS INC",1.0180753333217,,20.92,820702,3786449,22,20.53,21.3
sbe,212235,81,2021-03-30,84,1180,2054313405,147,76889834,"CHARGEPOINT HOLDINGS INC",1.0180753333217,,22.46,1206222,6773153,22,20.8,21.09
sbe,212235,81,2021-03-31,84,1180,2054313405,147,76889834,"CHARGEPOINT HOLDINGS INC",1.0180753333217,,26.7,5816923,17934954,27,23.6,24.54
sbe,212235,82,2021-03-31,102,1068,3326988441,219,95750504,"CHARGEPOINT HOLDINGS INC",0.92741600995438,,26.7,5816923,17934954,27,23.6,24.54
sbe,212235,82,2021-04-01,102,1068,3326988441,219,95750504,"CHARGEPOINT HOLDINGS INC",0.92741600995438,,29.84,3944110,17753838,30,27.41,30
sbe,212235,82,2021-04-05,102,1068,3326988441,219,95750504,"CHARGEPOINT HOLDINGS INC",0.92741600995438,,28.14,3912714,13995478,32,28,32.28
sbe,212235,82,2021-04-06,102,1068,3326988441,219,95750504,"CHARGEPOINT HOLDINGS INC",0.92741600995438,,31.09,4899936,15818533,32,27.21,28.1
sbe,212235,82,2021-04-07,102,1068,3326988441,219,95750504,"CHARGEPOINT HOLDINGS INC",0.92741600995438,,28.53,2572732,9205646,30,28.07,30.5
sbe,212235,82,2021-04-08,102,1068,3326988441,219,95750504,"CHARGEPOINT HOLDINGS INC",0.92741600995438,,28.58,1991901,6937832,29,28.25,29.01
sbe,212235,82,2021-04-09,102,1068,3326988441,219,95750504,"CHARGEPOINT HOLDINGS INC",0.92741600995438,,27.65,1689900,5411088,29,27.38,28.56
sbe,212235,82,2021-04-12,102,1068,3326988441,219,95750504,"CHARGEPOINT HOLDINGS INC",0.92741600995438,,25.65,1397323,7367338,27,25.17,27.46
sbe,212235,82,2021-04-13,102,1068,3326988441,219,95750504,"CHARGEPOINT HOLDINGS INC",0.92741600995438,,24.83,1162466,5959912,25,24.41,25
sbe,212235,82,2021-04-14,102,1068,3326988441,219,95750504,"CHARGEPOINT HOLDINGS INC",0.92741600995438,,23.42,1324120,6117626,25,23.29,25.03
sbe,212235,82,2021-04-15,102,1068,3326988441,219,95750504,"CHARGEPOINT HOLDINGS INC",0.92741600995438,,23.89,2079401,7259587,24,22.06,23.71
sbe,212235,82,2021-04-16,102,1068,3326988441,219,95750504,"CHARGEPOINT HOLDINGS INC",0.92741600995438,,22.27,1666267,5758822,23,22.23,23.6
sbe,212235,82,2021-04-19,102,1068,3326988441,219,95750504,"CHARGEPOINT HOLDINGS INC",0.92741600995438,,21.62,1998614,7270118,22,20.9,22.47
sbe,212235,82,2021-04-20,102,1068,3326988441,219,95750504,"CHARGEPOINT HOLDINGS INC",0.92741600995438,,20.2,2278614,10625153,21,19.71,21.11
sbe,212235,82,2021-04-21,102,1068,3326988441,219,95750504,"CHARGEPOINT HOLDINGS INC",0.92741600995438,,21.39,3907967,12887725,21,19.04,20
sbe,212235,82,2021-04-22,102,1068,3326988441,219,95750504,"CHARGEPOINT HOLDINGS INC",0.92741600995438,,22.07,4001064,12537017,23,21.295,22.56
sbe,212235,82,2021-04-23,102,1068,3326988441,219,95750504,"CHARGEPOINT HOLDINGS INC",0.92741600995438,,24.38,2734418,8724846,24,22.5,22.8
sbe,212235,82,2021-04-26,102,1068,3326988441,219,95750504,"CHARGEPOINT HOLDINGS INC",0.92741600995438,,26.43,2306416,7955974,26,24.51,25.16
sbe,212235,82,2021-04-27,102,1068,3326988441,219,95750504,"CHARGEPOINT HOLDINGS INC",0.92741600995438,,25.15,2654027,9447374,27,24.57,27.1
sbe,212235,82,2021-04-28,102,1068,3326988441,219,95750504,"CHARGEPOINT HOLDINGS INC",0.92741600995438,,26.33,2751278,9041102,26,23.84,24.14
sbe,212235,82,2021-04-29,102,1068,3326988441,219,95750504,"CHARGEPOINT HOLDINGS INC",0.92741600995438,,24.98,2189674,7792370,26,24.53,26.77
sbe,212235,82,2021-04-30,102,1068,3326988441,219,95750504,"CHARGEPOINT HOLDINGS INC",0.92741600995438,,25.32,1488231,5632505,26,24.25,24.37
sbe,212235,82,2021-05-03,102,1068,3326988441,219,95750504,"CHARGEPOINT HOLDINGS INC",0.92741600995438,,23.58,1643022,5713700,25,23.4,25.21
sbe,212235,82,2021-05-04,102,1068,3326988441,219,95750504,"CHARGEPOINT HOLDINGS INC",0.92741600995438,,23.12,1610198,6246858,23,21.68,23.06
sbe,212235,82,2021-05-05,102,1068,3326988441,219,95750504,"CHARGEPOINT HOLDINGS INC",0.92741600995438,,23.12,604014,2057438,23,22.97,23.13
sbe,212235,82,2021-05-06,102,1068,3326988441,219,95750504,"CHARGEPOINT HOLDINGS INC",0.92741600995438,,22.5,477368,3639692,23,21.95,22.65
sbe,212235,82,2021-05-07,102,1068,3326988441,219,95750504,"CHARGEPOINT HOLDINGS INC",0.92741600995438,,22.63,547565,2965554,23,22.4,22.88
sbe,212235,82,2021-05-10,102,1068,3326988441,219,95750504,"CHARGEPOINT HOLDINGS INC",0.92741600995438,,21.34,1034734,3836710,22,21.21,22.88
sbe,212235,82,2021-05-11,102,1068,3326988441,219,95750504,"CHARGEPOINT HOLDINGS INC",0.92741600995438,,22.18,1124639,5067563,22,20,20.03
sbe,212235,82,2021-05-12,102,1068,3326988441,219,95750504,"CHARGEPOINT HOLDINGS INC",0.92741600995438,,20.94,959325,3361397,22,20.7,21.48
sbe,212235,82,2021-05-13,102,1068,3326988441,219,95750504,"CHARGEPOINT HOLDINGS INC",0.92741600995438,,20.21,1364940,4828570,22,19.56,21.19
sbe,212235,82,2021-05-14,102,1068,3326988441,219,95750504,"CHARGEPOINT HOLDINGS INC",0.92741600995438,,22.01,889850,3251257,22,20.4,20.9
sbe,212235,82,2021-05-17,102,1068,3326988441,219,95750504,"CHARGEPOINT HOLDINGS INC",0.92741600995438,,23.08,651131,2507608,23,21.41,21.51
sbe,212235,82,2021-05-18,102,1068,3326988441,219,95750504,"CHARGEPOINT HOLDINGS INC",0.92741600995438,,23.75,1302178,4139878,24,22.64,23.23
sbe,212235,82,2021-05-19,102,1068,3326988441,219,95750504,"CHARGEPOINT HOLDINGS INC",0.92741600995438,,23.8,671617,2751538,23,22.25,22.37
sbe,212235,82,2021-05-20,102,1068,3326988441,219,95750504,"CHARGEPOINT HOLDINGS INC",0.92741600995438,,24.34,677427,2473174,24,23.58,23.63
sbe,212235,82,2021-05-21,102,1068,3326988441,219,95750504,"CHARGEPOINT HOLDINGS INC",0.92741600995438,,,,,,,
sbe,212235,82,2021-05-24,102,1068,3326988441,219,95750504,"CHARGEPOINT HOLDINGS INC",0.92741600995438,,23.4,411059,2339478,24,23.05,23.7
sbe,212235,82,2021-05-25,102,1068,3326988441,219,95750504,"CHARGEPOINT HOLDINGS INC",0.92741600995438,,23.01,446819,2241841,23,22.77,23.37
sbe,212235,82,2021-05-26,102,1068,3326988441,219,95750504,"CHARGEPOINT HOLDINGS INC",0.92741600995438,,25.05,914032,5670985,25,23.02,23.11
sbe,212235,82,2021-05-27,102,1068,3326988441,219,95750504,"CHARGEPOINT HOLDINGS INC",0.92741600995438,,25.33,388518,3211719,25,24.3,25
sbe,212235,82,2021-05-28,102,1068,3326988441,219,95750504,"CHARGEPOINT HOLDINGS INC",0.92741600995438,,24.35,554898,3549086,25,24.1,25.2
sbe,212235,82,2021-06-01,102,1068,3326988441,219,95750504,"CHARGEPOINT HOLDINGS INC",0.92741600995438,,25.96,912453,4254951,26,24.25,24.77
sbe,212235,82,2021-06-02,102,1068,3326988441,219,95750504,"CHARGEPOINT HOLDINGS INC",0.92741600995438,,27.3,1332858,6090736,27,25.05,25.74
sbe,212235,82,2021-06-03,102,1068,3326988441,219,95750504,"CHARGEPOINT HOLDINGS INC",0.92741600995438,,26.27,1471343,5339726,28,25.65,26.65
sbe,212235,82,2021-06-04,102,1068,3326988441,219,95750504,"CHARGEPOINT HOLDINGS INC",0.92741600995438,,28.11,1634631,6474253,28,26.44,27.4
sbe,212235,82,2021-06-07,102,1068,3326988441,219,95750504,"CHARGEPOINT HOLDINGS INC",0.92741600995438,,29.52,1169029,7158528,29,27.69,28.01
sbe,212235,82,2021-06-08,102,1068,3326988441,219,95750504,"CHARGEPOINT HOLDINGS INC",0.92741600995438,,29.5,730553,6646130,30,28.78,29.54
sbe,212235,82,2021-06-09,102,1068,3326988441,219,95750504,"CHARGEPOINT HOLDINGS INC",0.92741600995438,,28.31,378166,3886487,29,28.18,29.4
sbe,212235,82,2021-06-10,102,1068,3326988441,219,95750504,"CHARGEPOINT HOLDINGS INC",0.92741600995438,,28.09,291712,3017740,28,27.26,28.17
sbe,212235,82,2021-06-11,102,1068,3326988441,219,95750504,"CHARGEPOINT HOLDINGS INC",0.92741600995438,,28.72,309821,2242516,28,28.09,28.12
sbe,212235,82,2021-06-14,102,1068,3326988441,219,95750504,"CHARGEPOINT HOLDINGS INC",0.92741600995438,,29.83,597850,6189926,30,28.65,28.65
sbe,212235,82,2021-06-15,102,1068,3326988441,219,95750504,"CHARGEPOINT HOLDINGS INC",0.92741600995438,,29.39,392481,4447864,30,28.52,29.8
sbe,212235,82,2021-06-16,102,1068,3326988441,219,95750504,"CHARGEPOINT HOLDINGS INC",0.92741600995438,,31.35,884559,8539711,31,29.002,29.02
sbe,212235,82,2021-06-17,102,1068,3326988441,219,95750504,"CHARGEPOINT HOLDINGS INC",0.92741600995438,,31.96,1132747,8393811,33,30.6,30.69
sbe,212235,82,2021-06-18,102,1068,3326988441,219,95750504,"CHARGEPOINT HOLDINGS INC",0.92741600995438,,33.14,889681,17447810,33,31.9,32.04
sbe,212235,82,2021-06-21,102,1068,3326988441,219,95750504,"CHARGEPOINT HOLDINGS INC",0.92741600995438,,32.61,874702,6314541,33,31.87,33.61
sbe,212235,82,2021-06-22,102,1068,3326988441,219,95750504,"CHARGEPOINT HOLDINGS INC",0.92741600995438,,32.74,550872,4952057,33,32.39,32.65
sbe,212235,82,2021-06-23,102,1068,3326988441,219,95750504,"CHARGEPOINT HOLDINGS INC",0.92741600995438,,32.91,537999,3608248,33,32.19,32.25
sbe,212235,82,2021-06-24,102,1068,3326988441,219,95750504,"CHARGEPOINT HOLDINGS INC",0.92741600995438,,31.91,1353730,5865322,33,31.53,33.25
sbe,212235,82,2021-06-25,102,1068,3326988441,219,95750504,"CHARGEPOINT HOLDINGS INC",0.92741600995438,,31.67,901721,10271573,32,31.22,32.37
sbe,212235,82,2021-06-28,102,1068,3326988441,219,95750504,"CHARGEPOINT HOLDINGS INC",0.92741600995438,,34.94,1584315,7002355,35,31.84,32
sbe,212235,82,2021-06-29,102,1068,3326988441,219,95750504,"CHARGEPOINT HOLDINGS INC",0.92741600995438,,35.69,1508333,6072033,36,34.31,34.925
sbe,212235,82,2021-06-30,102,1068,3326988441,219,95750504,"CHARGEPOINT HOLDINGS INC",0.92741600995438,,34.74,696390,3363267,35,34.673,35.29
sbe,212235,83,2021-07-01,100,1063,1795827570,256,89805455,"CHARGEPOINT HOLDINGS INC",1.4889454034799,,32.98,700194,3894610,35,32.59,35.17
sbe,212235,83,2021-07-02,100,1063,1795827570,256,89805455,"CHARGEPOINT HOLDINGS INC",1.4889454034799,,32.02,625654,3378134,33,31.8,33.33
sbe,212235,83,2021-07-06,100,1063,1795827570,256,89805455,"CHARGEPOINT HOLDINGS INC",1.4889454034799,,31.11,627640,3427976,32,30.85,32.15
sbe,212235,83,2021-07-07,100,1063,1795827570,256,89805455,"CHARGEPOINT HOLDINGS INC",1.4889454034799,,28.5,1395917,6989500,31,28.41,31.18
sbe,212235,83,2021-07-08,100,1063,1795827570,256,89805455,"CHARGEPOINT HOLDINGS INC",1.4889454034799,,28.06,859830,4640280,28,27.09,27.67
sbe,212235,83,2021-07-09,100,1063,1795827570,256,89805455,"CHARGEPOINT HOLDINGS INC",1.4889454034799,,27.9,841477,3727677,28,27.7,28.79
sbe,212235,83,2021-07-12,100,1063,1795827570,256,89805455,"CHARGEPOINT HOLDINGS INC",1.4889454034799,,28.84,1020788,4616724,29,27.667,28.08
sbe,212235,83,2021-07-13,100,1063,1795827570,256,89805455,"CHARGEPOINT HOLDINGS INC",1.4889454034799,,26.09,2216452,8542906,27,25.915,27.3
sbe,212235,83,2021-07-14,100,1063,1795827570,256,89805455,"CHARGEPOINT HOLDINGS INC",1.4889454034799,,24.52,2818443,10871565,26,23.93,26.2
sbe,212235,83,2021-07-15,100,1063,1795827570,256,89805455,"CHARGEPOINT HOLDINGS INC",1.4889454034799,,23.27,1833880,17275773,24,22.8,24.24
sbe,212235,83,2021-07-16,100,1063,1795827570,256,89805455,"CHARGEPOINT HOLDINGS INC",1.4889454034799,,22.96,1044056,5151662,23,22.83,23.35
sbe,212235,83,2021-07-19,100,1063,1795827570,256,89805455,"CHARGEPOINT HOLDINGS INC",1.4889454034799,,23.47,1231550,6728823,23,22.37,22.73
sbe,212235,83,2021-07-20,100,1063,1795827570,256,89805455,"CHARGEPOINT HOLDINGS INC",1.4889454034799,,24.53,1527899,6817945,24,23.6,23.73
sbe,212235,83,2021-07-21,100,1063,1795827570,256,89805455,"CHARGEPOINT HOLDINGS INC",1.4889454034799,,25.96,1502267,6198155,26,24.4,24.88
sbe,212235,83,2021-07-22,100,1063,1795827570,256,89805455,"CHARGEPOINT HOLDINGS INC",1.4889454034799,,24.06,2460511,7724918,26,23.89,26.115
sbe,212235,83,2021-07-23,100,1063,1795827570,256,89805455,"CHARGEPOINT HOLDINGS INC",1.4889454034799,,22.56,2428569,9626184,24,22.53,24.01
sbe,212235,83,2021-07-26,100,1063,1795827570,256,89805455,"CHARGEPOINT HOLDINGS INC",1.4889454034799,,23.23,1210156,6187474,24,22.5,22.54
sbe,212235,83,2021-07-27,100,1063,1795827570,256,89805455,"CHARGEPOINT HOLDINGS INC",1.4889454034799,,22.75,1791978,6765347,23,21.91,23.02
sbe,212235,83,2021-07-28,100,1063,1795827570,256,89805455,"CHARGEPOINT HOLDINGS INC",1.4889454034799,,24.37,1536968,7553082,24,22.7,22.75
sbe,212235,83,2021-07-29,100,1063,1795827570,256,89805455,"CHARGEPOINT HOLDINGS INC",1.4889454034799,,24.07,1222179,6056617,24,23.78,24.91
sbe,212235,83,2021-07-30,100,1063,1795827570,256,89805455,"CHARGEPOINT HOLDINGS INC",1.4889454034799,,23.65,780262,4096406,24,23.45,24.56
sbe,212235,83,2021-08-02,100,1063,1795827570,256,89805455,"CHARGEPOINT HOLDINGS INC",1.4889454034799,,23.36,877089,5040094,23,22.97,23.5
sbe,212235,83,2021-08-03,100,1063,1795827570,256,89805455,"CHARGEPOINT HOLDINGS INC",1.4889454034799,,23.12,714134,3514239,23,22.733,23.5
sbe,212235,83,2021-08-04,100,1063,1795827570,256,89805455,"CHARGEPOINT HOLDINGS INC",1.4889454034799,,23.22,649525,4263942,23,23.03,23.4
sbe,212235,83,2021-08-05,100,1063,1795827570,256,89805455,"CHARGEPOINT HOLDINGS INC",1.4889454034799,,24.67,1665369,7861900,24,23.15,23.57
sbe,212235,83,2021-08-06,100,1063,1795827570,256,89805455,"CHARGEPOINT HOLDINGS INC",1.4889454034799,,23.81,1157803,5325263,25,23.617,24.74
sbe,212235,83,2021-08-09,100,1063,1795827570,256,89805455,"CHARGEPOINT HOLDINGS INC",1.4889454034799,,25.74,1187907,7683334,26,23.82,24.04
sbe,212235,83,2021-08-10,100,1063,1795827570,256,89805455,"CHARGEPOINT HOLDINGS INC",1.4889454034799,,26.02,1381327,5604775,26,25.38,26.21
sbe,212235,83,2021-08-11,100,1063,1795827570,256,89805455,"CHARGEPOINT HOLDINGS INC",1.4889454034799,,25.06,2302587,7858315,26,24.33,26.6
sbe,212235,83,2021-08-12,100,1063,1795827570,256,89805455,"CHARGEPOINT HOLDINGS INC",1.4889454034799,,25.18,686871,3708529,25,23.89,24.74
sbe,212235,83,2021-08-13,100,1063,1795827570,256,89805455,"CHARGEPOINT HOLDINGS INC",1.4889454034799,,23.99,1021910,3933886,25,23.81,25.08
sbe,212235,83,2021-08-16,100,1063,1795827570,256,89805455,"CHARGEPOINT HOLDINGS INC",1.4889454034799,,22.55,1349272,6264271,23,22.47,23.69
sbe,212235,83,2021-08-17,100,1063,1795827570,256,89805455,"CHARGEPOINT HOLDINGS INC",1.4889454034799,,21.86,1371543,6613533,22,21.3,22.37
sbe,212235,83,2021-08-18,100,1063,1795827570,256,89805455,"CHARGEPOINT HOLDINGS INC",1.4889454034799,,21.75,1469137,6117078,22,21.39,22.12
sbe,212235,83,2021-08-19,100,1063,1795827570,256,89805455,"CHARGEPOINT HOLDINGS INC",1.4889454034799,,20.79,1189816,6455110,21,20.74,21.5
sbe,212235,83,2021-08-20,100,1063,1795827570,256,89805455,"CHARGEPOINT HOLDINGS INC",1.4889454034799,,21.26,874541,4333840,21,20.76,20.82
sbe,212235,83,2021-08-23,100,1063,1795827570,256,89805455,"CHARGEPOINT HOLDINGS INC",1.4889454034799,,,,,,,
sbe,212235,83,2021-08-24,100,1063,1795827570,256,89805455,"CHARGEPOINT HOLDINGS INC",1.4889454034799,,22.54,1071104,4353508,22,22.01,22.33
sbe,212235,83,2021-08-25,100,1063,1795827570,256,89805455,"CHARGEPOINT HOLDINGS INC",1.4889454034799,,22.24,1144599,4780004,22,21.82,22.7
sbe,212235,83,2021-08-26,100,1063,1795827570,256,89805455,"CHARGEPOINT HOLDINGS INC",1.4889454034799,,21.36,1574999,6048799,22,21.31,22.01
sbe,212235,83,2021-08-27,100,1063,1795827570,256,89805455,"CHARGEPOINT HOLDINGS INC",1.4889454034799,,21.24,1386051,8123817,21,21.19,21.74
sbe,212235,83,2021-08-30,100,1063,1795827570,256,89805455,"CHARGEPOINT HOLDINGS INC",1.4889454034799,,20.89,1801796,7768639,21,20.735,21.42
sbe,212235,83,2021-08-31,100,1063,1795827570,256,89805455,"CHARGEPOINT HOLDINGS INC",1.4889454034799,,21.15,1638303,7439159,21,20.89,20.99
sbe,212235,83,2021-09-01,100,1063,1795827570,256,89805455,"CHARGEPOINT HOLDINGS INC",1.4889454034799,,21.23,4518401,11825522,21,20.94,20.97
sbe,212235,83,2021-09-02,100,1063,1795827570,256,89805455,"CHARGEPOINT HOLDINGS INC",1.4889454034799,,22.97,11162692,42341074,23,22.18,23.79
sbe,212235,83,2021-09-03,100,1063,1795827570,256,89805455,"CHARGEPOINT HOLDINGS INC",1.4889454034799,,22.01,3920054,19105589,22,21.76,22.68
sbe,212235,83,2021-09-07,100,1063,1795827570,256,89805455,"CHARGEPOINT HOLDINGS INC",1.4889454034799,,22.58,1484587,9916760,22,22.09,22.3
sbe,212235,83,2021-09-08,100,1063,1795827570,256,89805455,"CHARGEPOINT HOLDINGS INC",1.4889454034799,,21.67,2517000,8603994,22,21.365,22.32
sbe,212235,83,2021-09-09,100,1063,1795827570,256,89805455,"CHARGEPOINT HOLDINGS INC",1.4889454034799,,21.87,1512571,5705441,22,21.282,21.3
sbe,212235,83,2021-09-10,100,1063,1795827570,256,89805455,"CHARGEPOINT HOLDINGS INC",1.4889454034799,,20.68,3943742,13862445,21,20.64,21.84
sbe,212235,83,2021-09-13,100,1063,1795827570,256,89805455,"CHARGEPOINT HOLDINGS INC",1.4889454034799,,21.22,2556782,12152927,21,20.3,20.84
sbe,212235,83,2021-09-14,100,1063,1795827570,256,89805455,"CHARGEPOINT HOLDINGS INC",1.4889454034799,,21.14,1875060,7379457,21,20.905,21.07
sbe,212235,83,2021-09-15,100,1063,1795827570,256,89805455,"CHARGEPOINT HOLDINGS INC",1.4889454034799,,20.61,3101517,12389181,20,20.265,20.76
sbe,212235,83,2021-09-16,100,1063,1795827570,256,89805455,"CHARGEPOINT HOLDINGS INC",1.4889454034799,,20.7,1373110,7817247,20,20.105,20.58
sbe,212235,83,2021-09-17,100,1063,1795827570,256,89805455,"CHARGEPOINT HOLDINGS INC",1.4889454034799,,21.31,1341353,11621363,21,20.6,20.97
sbe,212235,83,2021-09-20,100,1063,1795827570,256,89805455,"CHARGEPOINT HOLDINGS INC",1.4889454034799,,20.25,2544317,10640910,20,20.01,20.31
sbe,212235,83,2021-09-21,100,1063,1795827570,256,89805455,"CHARGEPOINT HOLDINGS INC",1.4889454034799,,20.31,2257485,10026637,20,19.87,20.3
sbe,212235,83,2021-09-22,100,1063,1795827570,256,89805455,"CHARGEPOINT HOLDINGS INC",1.4889454034799,,20.32,1387829,6014501,20,20.14,20.17
sbe,212235,83,2021-09-23,100,1063,1795827570,256,89805455,"CHARGEPOINT HOLDINGS INC",1.4889454034799,,20.51,1532516,6967261,20,20.285,20.57
sbe,212235,83,2021-09-24,100,1063,1795827570,256,89805455,"CHARGEPOINT HOLDINGS INC",1.4889454034799,,19.91,3028276,10555829,20,19.81,20.17
sbe,212235,83,2021-09-27,100,1063,1795827570,256,89805455,"CHARGEPOINT HOLDINGS INC",1.4889454034799,,20.47,2468693,11172084,20,19.88,19.93
sbe,212235,83,2021-09-28,100,1063,1795827570,256,89805455,"CHARGEPOINT HOLDINGS INC",1.4889454034799,,20.83,2975851,17562380,21,20.15,20.36
sbe,212235,83,2021-09-29,100,1063,1795827570,256,89805455,"CHARGEPOINT HOLDINGS INC",1.4889454034799,,20.43,2846412,10501600,21,20.35,20.91
sbe,212235,83,2021-09-30,100,1063,1795827570,256,89805455,"CHARGEPOINT HOLDINGS INC",1.4889454034799,,19.99,3590402,12735977,20,19.56,20.39
sbe,212235,84,2021-10-01,139,987,3182910968,324,166736305,"CHARGEPOINT HOLDINGS INC",1.0405607953735,,19.31,3999563,15581028,20,18.77,19.91
sbe,212235,84,2021-10-04,139,987,3182910968,324,166736305,"CHARGEPOINT HOLDINGS INC",1.0405607953735,,18.01,2583251,13084655,19,17.923,19.16
sbe,212235,84,2021-10-05,139,987,3182910968,324,166736305,"CHARGEPOINT HOLDINGS INC",1.0405607953735,,17.99,1931638,7784107,18,17.77,18.09
sbe,212235,84,2021-10-06,139,987,3182910968,324,166736305,"CHARGEPOINT HOLDINGS INC",1.0405607953735,,17.92,1280900,7163374,18,17.6,17.87
sbe,212235,84,2021-10-07,139,987,3182910968,324,166736305,"CHARGEPOINT HOLDINGS INC",1.0405607953735,,18.66,1357227,7830057,18,17.79,18.035
sbe,212235,84,2021-10-08,139,987,3182910968,324,166736305,"CHARGEPOINT HOLDINGS INC",1.0405607953735,,18.4,1455154,5855306,19,18.38,18.71
sbe,212235,84,2021-10-11,139,987,3182910968,324,166736305,"CHARGEPOINT HOLDINGS INC",1.0405607953735,,19.07,845691,5454112,19,18.383,18.43
sbe,212235,84,2021-10-12,139,987,3182910968,324,166736305,"CHARGEPOINT HOLDINGS INC",1.0405607953735,,19.99,1064858,5980068,20,19.15,19.2
sbe,212235,84,2021-10-13,139,987,3182910968,324,166736305,"CHARGEPOINT HOLDINGS INC",1.0405607953735,,20,1033281,6319258,20,19.52,20.03
sbe,212235,84,2021-10-14,139,987,3182910968,324,166736305,"CHARGEPOINT HOLDINGS INC",1.0405607953735,,19.92,2140390,6413858,20,19.71,20.16
sbe,212235,84,2021-10-15,139,987,3182910968,324,166736305,"CHARGEPOINT HOLDINGS INC",1.0405607953735,,19.71,1040269,4488908,20,19.415,19.66
sbe,212235,84,2021-10-18,139,987,3182910968,324,166736305,"CHARGEPOINT HOLDINGS INC",1.0405607953735,,19.91,1284980,4901818,19,19.461,19.68
sbe,212235,84,2021-10-19,139,987,3182910968,324,166736305,"CHARGEPOINT HOLDINGS INC",1.0405607953735,,21.19,2454046,11431819,21,20.26,20.4
sbe,212235,84,2021-10-20,139,987,3182910968,324,166736305,"CHARGEPOINT HOLDINGS INC",1.0405607953735,,21.18,1254461,5848818,21,20.74,21.18
sbe,212235,84,2021-10-21,139,987,3182910968,324,166736305,"CHARGEPOINT HOLDINGS INC",1.0405607953735,,22.02,1907300,9042605,22,21,21
sbe,212235,84,2021-10-22,139,987,3182910968,324,166736305,"CHARGEPOINT HOLDINGS INC",1.0405607953735,,21.35,1157774,5751679,21,20.95,21.885
sbe,212235,84,2021-10-25,139,987,3182910968,324,166736305,"CHARGEPOINT HOLDINGS INC",1.0405607953735,,22.99,1829192,9662030,23,21.52,21.62
sbe,212235,84,2021-10-26,139,987,3182910968,324,166736305,"CHARGEPOINT HOLDINGS INC",1.0405607953735,,22.84,1837305,9183618,23,22.45,23.1
sbe,212235,84,2021-10-27,139,987,3182910968,324,166736305,"CHARGEPOINT HOLDINGS INC",1.0405607953735,,22.72,971373,5165634,23,22.6,23.15
sbe,212235,84,2021-10-28,139,987,3182910968,324,166736305,"CHARGEPOINT HOLDINGS INC",1.0405607953735,,24.16,2222536,10557331,24,22.72,22.84
sbe,212235,84,2021-10-29,139,987,3182910968,324,166736305,"CHARGEPOINT HOLDINGS INC",1.0405607953735,,24.78,2042023,7653379,24,23.88,23.91
sbe,212235,84,2021-11-01,139,987,3182910968,324,166736305,"CHARGEPOINT HOLDINGS INC",1.0405607953735,,25.66,2317491,10082769,26,24.825,25.05
sbe,212235,84,2021-11-02,139,987,3182910968,324,166736305,"CHARGEPOINT HOLDINGS INC",1.0405607953735,,24.26,2166936,9651135,25,23.835,25.4
sbe,212235,84,2021-11-03,139,987,3182910968,324,166736305,"CHARGEPOINT HOLDINGS INC",1.0405607953735,,24.81,1626399,6834479,24,23.68,23.97
sbe,212235,84,2021-11-04,139,987,3182910968,324,166736305,"CHARGEPOINT HOLDINGS INC",1.0405607953735,,24.59,1090278,4694820,25,24.32,25.05
sbe,212235,84,2021-11-05,139,987,3182910968,324,166736305,"CHARGEPOINT HOLDINGS INC",1.0405607953735,,24.69,1334735,6973006,25,24.195,24.99
sbe,212235,84,2021-11-08,139,987,3182910968,324,166736305,"CHARGEPOINT HOLDINGS INC",1.0405607953735,,27.6,7802102,30263702,28,26.511,27.57
sbe,212235,84,2021-11-09,139,987,3182910968,324,166736305,"CHARGEPOINT HOLDINGS INC",1.0405607953735,,25.82,3832204,14651208,28,25.26,28.16
sbe,212235,84,2021-11-10,139,987,3182910968,324,166736305,"CHARGEPOINT HOLDINGS INC",1.0405607953735,,24.52,2134871,10193794,25,24.08,25.5
sbe,212235,84,2021-11-11,139,987,3182910968,324,166736305,"CHARGEPOINT HOLDINGS INC",1.0405607953735,,25.68,1838354,7636410,25,24.64,24.84
sbe,212235,84,2021-11-12,139,987,3182910968,324,166736305,"CHARGEPOINT HOLDINGS INC",1.0405607953735,,26.82,3786357,12613565,27,25.91,26.1
sbe,212235,84,2021-11-15,139,987,3182910968,324,166736305,"CHARGEPOINT HOLDINGS INC",1.0405607953735,,26.93,2694187,9264024,27,26.18,27.04
sbe,212235,84,2021-11-16,139,987,3182910968,324,166736305,"CHARGEPOINT HOLDINGS INC",1.0405607953735,,27.45,3946679,13621725,27,25.34,26.95
sbe,212235,84,2021-11-17,139,987,3182910968,324,166736305,"CHARGEPOINT HOLDINGS INC",1.0405607953735,,27.69,2389673,12573572,28,26.82,27.45
sbe,212235,84,2021-11-18,139,987,3182910968,324,166736305,"CHARGEPOINT HOLDINGS INC",1.0405607953735,,26.13,2650162,10976814,27,25.68,27.3
sbe,212235,84,2021-11-19,139,987,3182910968,324,166736305,"CHARGEPOINT HOLDINGS INC",1.0405607953735,,26.9,1380321,6741469,27,25.83,25.93
sbe,212235,84,2021-11-22,139,987,3182910968,324,166736305,"CHARGEPOINT HOLDINGS INC",1.0405607953735,,27.3,1899915,11733277,28,26.57,27.47
sbe,212235,84,2021-11-23,139,987,3182910968,324,166736305,"CHARGEPOINT HOLDINGS INC",1.0405607953735,,25.85,1554504,8471504,27,25.51,26.98
sbe,212235,84,2021-11-24,139,987,3182910968,324,166736305,"CHARGEPOINT HOLDINGS INC",1.0405607953735,,26.17,1065037,6915552,26,24.74,25.6
sbe,212235,84,2021-11-26,139,987,3182910968,324,166736305,"CHARGEPOINT HOLDINGS INC",1.0405607953735,,25.82,624892,5201129,25,25,25.02
sbe,212235,84,2021-11-29,139,987,3182910968,324,166736305,"CHARGEPOINT HOLDINGS INC",1.0405607953735,,26.06,662484,7763709,26,25.05,26.055
sbe,212235,84,2021-11-30,139,987,3182910968,324,166736305,"CHARGEPOINT HOLDINGS INC",1.0405607953735,,25.52,1099009,11135217,26,24.46,25.785
sbe,212235,84,2021-12-01,139,987,3182910968,324,166736305,"CHARGEPOINT HOLDINGS INC",1.0405607953735,,23.52,1146408,8498278,25,23.5,25.62
sbe,212235,84,2021-12-02,139,987,3182910968,324,166736305,"CHARGEPOINT HOLDINGS INC",1.0405607953735,,23.29,1208159,7692244,24,22.88,23.63
sbe,212235,84,2021-12-03,139,987,3182910968,324,166736305,"CHARGEPOINT HOLDINGS INC",1.0405607953735,,21.57,1730591,10526384,23,21,23.25
sbe,212235,84,2021-12-06,139,987,3182910968,324,166736305,"CHARGEPOINT HOLDINGS INC",1.0405607953735,,20.74,1450237,10231250,21,19.72,21
sbe,212235,84,2021-12-07,139,987,3182910968,324,166736305,"CHARGEPOINT HOLDINGS INC",1.0405607953735,,21.78,1155310,11167839,22,21.3,21.8
sbe,212235,84,2021-12-08,139,987,3182910968,324,166736305,"CHARGEPOINT HOLDINGS INC",1.0405607953735,,20.98,5952139,21319924,21,19.64,20.755
sbe,212235,84,2021-12-09,139,987,3182910968,324,166736305,"CHARGEPOINT HOLDINGS INC",1.0405607953735,,20.69,2925691,11072895,22,20.59,21.21
sbe,212235,84,2021-12-10,139,987,3182910968,324,166736305,"CHARGEPOINT HOLDINGS INC",1.0405607953735,,20.2,2209458,10879502,21,19.45,20.7
sbe,212235,84,2021-12-13,139,987,3182910968,324,166736305,"CHARGEPOINT HOLDINGS INC",1.0405607953735,,20.89,2375854,9855499,21,19.9,20
sbe,212235,84,2021-12-14,139,987,3182910968,324,166736305,"CHARGEPOINT HOLDINGS INC",1.0405607953735,,19.5,1835719,12096445,20,19.24,20.21
sbe,212235,84,2021-12-15,139,987,3182910968,324,166736305,"CHARGEPOINT HOLDINGS INC",1.0405607953735,,19.89,1829684,13119782,20,18.94,19.91
sbe,212235,84,2021-12-16,139,987,3182910968,324,166736305,"CHARGEPOINT HOLDINGS INC",1.0405607953735,,19.13,1350842,10323558,20,19.1,20.02
sbe,212235,84,2021-12-17,139,987,3182910968,324,166736305,"CHARGEPOINT HOLDINGS INC",1.0405607953735,,19.03,1598642,18502704,19,18.125,18.91
sbe,212235,84,2021-12-20,139,987,3182910968,324,166736305,"CHARGEPOINT HOLDINGS INC",1.0405607953735,,18.01,1811455,11251829,18,17.92,18.215
sbe,212235,84,2021-12-21,139,987,3182910968,324,166736305,"CHARGEPOINT HOLDINGS INC",1.0405607953735,,18.74,1293334,9213372,18,17.96,18.06
sbe,212235,84,2021-12-22,139,987,3182910968,324,166736305,"CHARGEPOINT HOLDINGS INC",1.0405607953735,,18.62,911636,6000267,18,18.318,18.7
sbe,212235,84,2021-12-23,139,987,3182910968,324,166736305,"CHARGEPOINT HOLDINGS INC",1.0405607953735,,19.05,1244303,7589076,19,18.16,18.62
sbe,212235,84,2021-12-27,139,987,3182910968,324,166736305,"CHARGEPOINT HOLDINGS INC",1.0405607953735,,19.2,704089,6787797,19,18.69,18.86
sbe,212235,84,2021-12-28,139,987,3182910968,324,166736305,"CHARGEPOINT HOLDINGS INC",1.0405607953735,,18.68,645218,5698176,19,18.56,19.22
sbe,212235,84,2021-12-29,139,987,3182910968,324,166736305,"CHARGEPOINT HOLDINGS INC",1.0405607953735,,17.76,2702263,11564442,18,17.52,18.535
sbe,212235,84,2021-12-30,139,987,3182910968,324,166736305,"CHARGEPOINT HOLDINGS INC",1.0405607953735,,19.33,1225379,13718639,19,17.71,17.76
sbe,212235,84,2021-12-31,139,987,3182910968,324,166736305,"CHARGEPOINT HOLDINGS INC",1.0405607953735,,19.05,838542,9267176,19,18.91,19.02
sbe,212235,85,2022-01-03,62,914,3092615142,326,153328878,"CHARGEPOINT HOLDINGS INC",0.88353959045109,,19.87,1121151,7937307,19,18.94,19.42
sbe,212235,85,2022-01-04,62,914,3092615142,326,153328878,"CHARGEPOINT HOLDINGS INC",0.88353959045109,,19.52,965926,7777047,19,18.83,19.7
sbe,212235,85,2022-01-05,62,914,3092615142,326,153328878,"CHARGEPOINT HOLDINGS INC",0.88353959045109,,18.16,1274116,7439109,19,18.07,19.27
sbe,212235,85,2022-01-06,62,914,3092615142,326,153328878,"CHARGEPOINT HOLDINGS INC",0.88353959045109,,17.35,1542433,9937186,18,16.89,18.01
sbe,212235,85,2022-01-07,62,914,3092615142,326,153328878,"CHARGEPOINT HOLDINGS INC",0.88353959045109,,16.89,1713466,8464778,17,16.86,17.37
sbe,212235,85,2022-01-10,62,914,3092615142,326,153328878,"CHARGEPOINT HOLDINGS INC",0.88353959045109,,15.78,2754983,15075053,16,15.52,16.72
sbe,212235,85,2022-01-11,62,914,3092615142,326,153328878,"CHARGEPOINT HOLDINGS INC",0.88353959045109,,16.21,1544049,8221266,16,15.66,15.73
sbe,212235,85,2022-01-12,62,914,3092615142,326,153328878,"CHARGEPOINT HOLDINGS INC",0.88353959045109,,15.99,1753973,7138942,16,15.91,16.3
sbe,212235,85,2022-01-13,62,914,3092615142,326,153328878,"CHARGEPOINT HOLDINGS INC",0.88353959045109,,14.79,3194257,13551736,16,14.79,16.1
sbe,212235,85,2022-01-14,62,914,3092615142,326,153328878,"CHARGEPOINT HOLDINGS INC",0.88353959045109,,14.69,2641491,10818169,15,14.155,14.65
sbe,212235,85,2022-01-18,62,914,3092615142,326,153328878,"CHARGEPOINT HOLDINGS INC",0.88353959045109,,14.3,2010237,9321887,14,14.091,14.32
sbe,212235,85,2022-01-19,62,914,3092615142,326,153328878,"CHARGEPOINT HOLDINGS INC",0.88353959045109,,14.24,1607968,9249866,14,13.92,14.21
sbe,212235,85,2022-01-20,62,914,3092615142,326,153328878,"CHARGEPOINT HOLDINGS INC",0.88353959045109,,14.13,1771895,8398521,15,14.1,14.39
sbe,212235,85,2022-01-21,62,914,3092615142,326,153328878,"CHARGEPOINT HOLDINGS INC",0.88353959045109,,13.22,2366817,10268810,14,13.118,14
sbe,212235,85,2022-01-24,62,914,3092615142,326,153328878,"CHARGEPOINT HOLDINGS INC",0.88353959045109,,12.94,2547667,17169485,12,11.211,12.17
sbe,212235,85,2022-01-25,62,914,3092615142,326,153328878,"CHARGEPOINT HOLDINGS INC",0.88353959045109,,12.5,1841416,8464321,13,12.25,12.79
sbe,212235,85,2022-01-26,62,914,3092615142,326,153328878,"CHARGEPOINT HOLDINGS INC",0.88353959045109,,12.59,2307989,9343957,13,12.45,12.851
sbe,212235,85,2022-01-27,62,914,3092615142,326,153328878,"CHARGEPOINT HOLDINGS INC",0.88353959045109,,11.45,2576534,13446393,12,11.37,12.93
sbe,212235,85,2022-01-28,62,914,3092615142,326,153328878,"CHARGEPOINT HOLDINGS INC",0.88353959045109,,12.65,2496456,11719760,12,11.49,11.88
sbe,212235,85,2022-01-31,62,914,3092615142,326,153328878,"CHARGEPOINT HOLDINGS INC",0.88353959045109,,13.85,2664140,11986932,14,12.72,12.82
sbe,212235,85,2022-02-01,62,914,3092615142,326,153328878,"CHARGEPOINT HOLDINGS INC",0.88353959045109,,14.24,2258377,8592079,14,13.49,14
sbe,212235,85,2022-02-02,62,914,3092615142,326,153328878,"CHARGEPOINT HOLDINGS INC",0.88353959045109,,13.46,1819126,7754573,14,13.26,14.34
sbe,212235,85,2022-02-03,62,914,3092615142,326,153328878,"CHARGEPOINT HOLDINGS INC",0.88353959045109,,12.59,1987533,10430571,13,12.56,13
sbe,212235,85,2022-02-04,62,914,3092615142,326,153328878,"CHARGEPOINT HOLDINGS INC",0.88353959045109,,13.26,1452334,7466437,13,12.47,12.725
sbe,212235,85,2022-02-07,62,914,3092615142,326,153328878,"CHARGEPOINT HOLDINGS INC",0.88353959045109,,12.7,1437797,8907722,13,12.62,13.27
sbe,212235,85,2022-02-08,62,914,3092615142,326,153328878,"CHARGEPOINT HOLDINGS INC",0.88353959045109,,13,1488315,12230671,13,12.4,12.57
sbe,212235,85,2022-02-09,62,914,3092615142,326,153328878,"CHARGEPOINT HOLDINGS INC",0.88353959045109,,13.82,1427619,7660249,13,13.13,13.17
sbe,212235,85,2022-02-10,62,914,3092615142,326,153328878,"CHARGEPOINT HOLDINGS INC",0.88353959045109,,13.92,3242751,14283732,14,13.412,13.55
sbe,212235,85,2022-02-11,62,914,3092615142,326,153328878,"CHARGEPOINT HOLDINGS INC",0.88353959045109,,13.5,2282964,12367231,14,13.39,14.03
sbe,212235,85,2022-02-14,62,914,3092615142,326,153328878,"CHARGEPOINT HOLDINGS INC",0.88353959045109,,13.38,1432419,6974878,14,13.06,13.16
sbe,212235,85,2022-02-15,62,914,3092615142,326,153328878,"CHARGEPOINT HOLDINGS INC",0.88353959045109,,15.26,2585261,11489459,15,13.79,13.83
sbe,212235,85,2022-02-16,62,914,3092615142,326,153328878,"CHARGEPOINT HOLDINGS INC",0.88353959045109,,15.32,1662839,7973424,15,14.71,14.98
sbe,212235,85,2022-02-17,62,914,3092615142,326,153328878,"CHARGEPOINT HOLDINGS INC",0.88353959045109,,14.45,1241274,9016754,15,14.39,15.1
sbe,212235,85,2022-02-18,62,914,3092615142,326,153328878,"CHARGEPOINT HOLDINGS INC",0.88353959045109,,13.81,1379047,6990593,14,13.61,14.53
sbe,212235,85,2022-02-22,62,914,3092615142,326,153328878,"CHARGEPOINT HOLDINGS INC",0.88353959045109,,12.97,1537976,8445851,13,12.81,13.29
sbe,212235,85,2022-02-23,62,914,3092615142,326,153328878,"CHARGEPOINT HOLDINGS INC",0.88353959045109,,12.38,1526765,7530953,13,12.34,13.18
sbe,212235,85,2022-02-24,62,914,3092615142,326,153328878,"CHARGEPOINT HOLDINGS INC",0.88353959045109,,13.64,1873281,11621125,13,11.5,11.57
sbe,212235,85,2022-02-25,62,914,3092615142,326,153328878,"CHARGEPOINT HOLDINGS INC",0.88353959045109,,13.71,1120660,6495691,13,13.04,13.32
sbe,212235,85,2022-02-28,62,914,3092615142,326,153328878,"CHARGEPOINT HOLDINGS INC",0.88353959045109,,14.52,1446755,9110298,14,13.57,14.01
sbe,212235,85,2022-03-01,62,914,3092615142,326,153328878,"CHARGEPOINT HOLDINGS INC",0.88353959045109,,14.29,1071759,6922108,14,13.99,14.55
sbe,212235,85,2022-03-02,62,914,3092615142,326,153328878,"CHARGEPOINT HOLDINGS INC",0.88353959045109,,14.07,1896416,9189391,14,13.74,14.36
sbe,212235,85,2022-03-03,62,914,3092615142,326,153328878,"CHARGEPOINT HOLDINGS INC",0.88353959045109,,15.01,6218005,20910596,15,14.3,15.23
sbe,212235,85,2022-03-04,62,914,3092615142,326,153328878,"CHARGEPOINT HOLDINGS INC",0.88353959045109,,14.4,2155421,11598495,15,14.111,15.31
sbe,212235,85,2022-03-07,62,914,3092615142,326,153328878,"CHARGEPOINT HOLDINGS INC",0.88353959045109,,15.73,3636106,16803771,16,14.63,14.76
sbe,212235,85,2022-03-08,62,914,3092615142,326,153328878,"CHARGEPOINT HOLDINGS INC",0.88353959045109,,16.57,2345862,15000813,17,15.271,15.53
sbe,212235,85,2022-03-09,62,914,3092615142,326,153328878,"CHARGEPOINT HOLDINGS INC",0.88353959045109,,17.47,3419684,13520965,17,16.62,16.78
sbe,212235,85,2022-03-10,62,914,3092615142,326,153328878,"CHARGEPOINT HOLDINGS INC",0.88353959045109,,17.22,1430088,7043047,17,16.61,17.37
sbe,212235,85,2022-03-11,62,914,3092615142,326,153328878,"CHARGEPOINT HOLDINGS INC",0.88353959045109,,16.56,1584407,7472899,17,16.25,17.25
sbe,212235,85,2022-03-14,62,914,3092615142,326,153328878,"CHARGEPOINT HOLDINGS INC",0.88353959045109,,14.95,1454380,8013146,16,14.94,16.44
sbe,212235,85,2022-03-15,62,914,3092615142,326,153328878,"CHARGEPOINT HOLDINGS INC",0.88353959045109,,15.5,2074766,8329404,15,14.33,14.77
sbe,212235,85,2022-03-16,62,914,3092615142,326,153328878,"CHARGEPOINT HOLDINGS INC",0.88353959045109,,17.11,1704792,11299632,17,15.5,15.69
sbe,212235,85,2022-03-17,62,914,3092615142,326,153328878,"CHARGEPOINT HOLDINGS INC",0.88353959045109,,18.01,1406506,9413318,18,16.52,16.97
sbe,212235,85,2022-03-18,62,914,3092615142,326,153328878,"CHARGEPOINT HOLDINGS INC",0.88353959045109,,18.44,1701958,9729824,18,17.72,17.9
sbe,212235,85,2022-03-21,62,914,3092615142,326,153328878,"CHARGEPOINT HOLDINGS INC",0.88353959045109,,18.13,1409761,7382311,18,17.92,18.26
sbe,212235,85,2022-03-22,62,914,3092615142,326,153328878,"CHARGEPOINT HOLDINGS INC",0.88353959045109,,18.44,1373375,6317764,18,17.7,17.92
sbe,212235,85,2022-03-23,62,914,3092615142,326,153328878,"CHARGEPOINT HOLDINGS INC",0.88353959045109,,18.48,1405882,6662672,18,18.045,18.3
sbe,212235,85,2022-03-24,62,914,3092615142,326,153328878,"CHARGEPOINT HOLDINGS INC",0.88353959045109,,18.75,1031545,4748428,18,18.2,18.4
sbe,212235,85,2022-03-25,62,914,3092615142,326,153328878,"CHARGEPOINT HOLDINGS INC",0.88353959045109,,18.47,1408056,5934722,19,18.14,18.59
sbe,212235,85,2022-03-28,62,914,3092615142,326,153328878,"CHARGEPOINT HOLDINGS INC",0.88353959045109,,18.67,1261148,4934368,19,18.2,19.12
sbe,212235,85,2022-03-29,62,914,3092615142,326,153328878,"CHARGEPOINT HOLDINGS INC",0.88353959045109,,19.66,1289025,7268272,19,18.68,18.91
sbe,212235,85,2022-03-30,62,914,3092615142,326,153328878,"CHARGEPOINT HOLDINGS INC",0.88353959045109,,19.37,1074533,6248895,20,19.08,19.52
sbe,212235,85,2022-03-31,62,914,3092615142,326,153328878,"CHARGEPOINT HOLDINGS INC",0.88353959045109,,19.88,2513669,9519779,20,19.04,19.5
sbe,212235,85,2022-04-01,62,914,3092615142,326,153328878,"CHARGEPOINT HOLDINGS INC",0.88353959045109,,19.7,985153,4839394,20,19.361,19.88
sbe,212235,85,2022-04-04,62,914,3092615142,326,153328878,"CHARGEPOINT HOLDINGS INC",0.88353959045109,,20.54,1303372,6830029,20,19.968,20.23
sbe,212235,85,2022-04-05,62,914,3092615142,326,153328878,"CHARGEPOINT HOLDINGS INC",0.88353959045109,,19.49,2501103,9211462,20,19.45,20.36
sbe,212235,85,2022-04-06,62,914,3092615142,326,153328878,"CHARGEPOINT HOLDINGS INC",0.88353959045109,,17.74,3859975,13064082,19,17.135,18.96
sbe,212235,85,2022-04-07,62,914,3092615142,326,153328878,"CHARGEPOINT HOLDINGS INC",0.88353959045109,,17.8,1974029,7276238,18,17.14,17.88
sbe,212235,85,2022-04-08,62,914,3092615142,326,153328878,"CHARGEPOINT HOLDINGS INC",0.88353959045109,,16.76,2003976,7052848,17,16.745,17.69
sbe,212235,85,2022-04-11,62,914,3092615142,326,153328878,"CHARGEPOINT HOLDINGS INC",0.88353959045109,,16.51,2175127,6658766,16,15.924,16.38
sbe,212235,85,2022-04-12,62,914,3092615142,326,153328878,"CHARGEPOINT HOLDINGS INC",0.88353959045109,,16.09,1069574,8489508,17,15.97,16.85
sbe,212235,85,2022-04-13,62,914,3092615142,326,153328878,"CHARGEPOINT HOLDINGS INC",0.88353959045109,,16.66,1281620,4254102,16,15.89,16.05
sbe,212235,85,2022-04-14,62,914,3092615142,326,153328878,"CHARGEPOINT HOLDINGS INC",0.88353959045109,,15.25,2203901,9538758,16,15.19,16.69
sbe,212235,85,2022-04-18,62,914,3092615142,326,153328878,"CHARGEPOINT HOLDINGS INC",0.88353959045109,,15.26,4850292,10712347,15,14.9,15.25
sbe,212235,85,2022-04-19,62,914,3092615142,326,153328878,"CHARGEPOINT HOLDINGS INC",0.88353959045109,,16.37,2933241,9496280,16,14.995,15.25
sbe,212235,85,2022-04-20,62,914,3092615142,326,153328878,"CHARGEPOINT HOLDINGS INC",0.88353959045109,,15.43,1664612,5939004,16,15.42,16.3
sbe,212235,85,2022-04-21,62,914,3092615142,326,153328878,"CHARGEPOINT HOLDINGS INC",0.88353959045109,,14.62,2175637,9107690,16,14.5,15.86
sbe,212235,85,2022-04-22,62,914,3092615142,326,153328878,"CHARGEPOINT HOLDINGS INC",0.88353959045109,,14.43,2805738,8529972,15,14.32,14.62
sbe,212235,85,2022-04-25,62,914,3092615142,326,153328878,"CHARGEPOINT HOLDINGS INC",0.88353959045109,,14.94,1233031,6284564,14,14.1,14.15
sbe,212235,85,2022-04-26,62,914,3092615142,326,153328878,"CHARGEPOINT HOLDINGS INC",0.88353959045109,,13.87,2142719,8735572,14,13.81,14.84
sbe,212235,85,2022-04-27,62,914,3092615142,326,153328878,"CHARGEPOINT HOLDINGS INC",0.88353959045109,,13.27,1491908,7803647,14,13.24,13.79
sbe,212235,85,2022-04-28,62,914,3092615142,326,153328878,"CHARGEPOINT HOLDINGS INC",0.88353959045109,,13.48,1552614,8062314,13,12.58,13.37
sbe,212235,85,2022-04-29,62,914,3092615142,326,153328878,"CHARGEPOINT HOLDINGS INC",0.88353959045109,,12.94,1795735,7493226,13,12.93,13.55
sbe,212235,85,2022-05-02,62,914,3092615142,326,153328878,"CHARGEPOINT HOLDINGS INC",0.88353959045109,,13.23,1934817,9433704,13,12.54,12.76
sbe,212235,85,2022-05-03,62,914,3092615142,326,153328878,"CHARGEPOINT HOLDINGS INC",0.88353959045109,,13.48,1539125,6859339,13,12.83,13.05
sbe,212235,85,2022-05-04,62,914,3092615142,326,153328878,"CHARGEPOINT HOLDINGS INC",0.88353959045109,,14.22,1544785,7073178,14,12.96,13.49
sbe,212235,85,2022-05-05,62,914,3092615142,326,153328878,"CHARGEPOINT HOLDINGS INC",0.88353959045109,,13.18,1551969,7836490,14,12.935,14.07
sbe,212235,85,2022-05-06,62,914,3092615142,326,153328878,"CHARGEPOINT HOLDINGS INC",0.88353959045109,,12.02,2490883,9134809,13,11.86,13.08
sbe,212235,85,2022-05-09,62,914,3092615142,326,153328878,"CHARGEPOINT HOLDINGS INC",0.88353959045109,,10.65,3575882,13015422,11,10.35,11.76
sbe,212235,85,2022-05-10,62,914,3092615142,326,153328878,"CHARGEPOINT HOLDINGS INC",0.88353959045109,,10.27,3670182,15540184,11,9.75,11.04
sbe,212235,85,2022-05-11,62,914,3092615142,326,153328878,"CHARGEPOINT HOLDINGS INC",0.88353959045109,,8.95,5478427,18384060,10,8.8,10.08
sbe,212235,85,2022-05-12,62,914,3092615142,326,153328878,"CHARGEPOINT HOLDINGS INC",0.88353959045109,,9.62,2808493,15629968,10,8.5,8.77
sbe,212235,85,2022-05-13,62,914,3092615142,326,153328878,"CHARGEPOINT HOLDINGS INC",0.88353959045109,,10.39,2401628,11440908,10,9.88,10
sbe,212235,85,2022-05-16,62,914,3092615142,326,153328878,"CHARGEPOINT HOLDINGS INC",0.88353959045109,,9.94,2212907,9613287,10,9.875,10.32
sbe,212235,85,2022-05-17,62,914,3092615142,326,153328878,"CHARGEPOINT HOLDINGS INC",0.88353959045109,,10.73,2039881,9431681,10,9.95,10.24
sbe,212235,85,2022-05-18,62,914,3092615142,326,153328878,"CHARGEPOINT HOLDINGS INC",0.88353959045109,,10.38,1888864,7910632,11,10.22,10.68
sbe,212235,85,2022-05-19,62,914,3092615142,326,153328878,"CHARGEPOINT HOLDINGS INC",0.88353959045109,,10.99,1422504,7749933,11,10.14,10.22
sbe,212235,85,2022-05-20,62,914,3092615142,326,153328878,"CHARGEPOINT HOLDINGS INC",0.88353959045109,,11.02,1831062,10675798,11,10.3,11.15
sbe,212235,85,2022-05-23,62,914,3092615142,326,153328878,"CHARGEPOINT HOLDINGS INC",0.88353959045109,,11.3,1502979,8019154,11,10.54,10.92
sbe,212235,85,2022-05-24,62,914,3092615142,326,153328878,"CHARGEPOINT HOLDINGS INC",0.88353959045109,,10.41,1819155,7760290,11,10.29,11.01
sbe,212235,85,2022-05-25,62,914,3092615142,326,153328878,"CHARGEPOINT HOLDINGS INC",0.88353959045109,,10.79,1691670,7094252,10,10.21,10.33
sbe,212235,85,2022-05-26,62,914,3092615142,326,153328878,"CHARGEPOINT HOLDINGS INC",0.88353959045109,,11.81,1605806,7514631,11,10.58,10.65
sbe,212235,85,2022-05-27,62,914,3092615142,326,153328878,"CHARGEPOINT HOLDINGS INC",0.88353959045109,,13.45,4198431,16424549,13,11.85,11.86
